number	korean	notes
1	가게	상점, 가맹점, 슈퍼마켓
2	가격	값, 가치, 비용
3	가구	가전, 물건
4	가깝다	멀다, 가까이
5	가끔	때때로, 자주
6	가늘다	굵다, 두껍다, 얇다
7	가다	오다, 걷다, 다니다
8	가득	충분, 많이
9	가르치다	배우다, 교육하다
10	가리키다	지적하다, 보여주다
11	가방	책가방, 핸드백
12	가볍다	무겁다, 가벼이
13	가수	노래, 음악가, 연예인
14	가슴	심장, 마음
15	가요	노래, 음악
16	가운데	중간, 중심, 중앙
17	가위	칼, 자르다
18	가을	봄, 여름, 겨울
19	가장	제일, 최고, 매우
20	가져가다	가져오다, 들고가다
21	가져오다	가져가다, 들고오다
22	가족	부모, 식구
23	가지	종류, 종
24	가지다	갖다, 소유하다
25	각각	개별, 따로
26	간단하다	복잡하다, 쉽다, 간단히
27	간단히	간단하다, 쉽게
28	간식	간단한 음식, 스낵
29	간장	된장, 고추장, 조미료
30	간호사	의사, 병원
31	갈비	고기, 갈비탕
32	갈비탕	갈비, 탕
33	갈색	검은색, 색깔
34	갈아입다	입다, 옷
35	갈아타다	타다, 교환하다
36	감	과일, 귤
37	감기	병, 질병, 감기약
38	감기약	감기, 약
39	감다	풀다, 씻다
40	감다	눈, 닫다
41	감사	고맙다, 감사하다
42	감자	고구마, 채소
43	갑자기	급하다, 갑작스럽다
44	값	가격, 비용
45	강	하천, 한강
46	강아지	개, 고양이, 애완동물
47	강하다	약하다, 힘세다
48	갖다	가지다, 소유하다
49	같다	비슷하다, 동일하다
50	같이	함께, 같이하다
51	갚다	빚, 돌려주다
52	개	강아지, 고양이, 동물
53	개	낱, 개수
54	개월	달, 월
55	거	것, 물건
56	거기	여기, 저기, 그곳
57	거리	길, 도로, 길거리
58	거리	거리감, 길이
59	거실	방, 주방, 침실
60	거울	유리, 보다
61	거의	대부분, 거의 모두
62	거절	거부, 받아들이다
63	거짓말	진실, 말
64	걱정	근심, 불안, 염려
65	건강	건강하다, 병
66	건너가다	건너오다, 건너다
67	건너다	건너가다, 건너오다
68	건너편	반대편, 맞은편
69	건물	빌딩, 집
70	걷다	가다, 뛰다, 걸어가다
71	걸다	걸리다, 매다
72	걸리다	걸다, 걸어가다
73	걸어가다	걷다, 걸어오다, 가다
74	걸어오다	걷다, 걸어가다, 오다
75	걸음	걷다, 발걸음
76	검사	검사하다, 검토
77	검은색	까만색, 검정, 까맣다, 흰색
78	검정	검은색, 까만색
79	것	거, 물건
80	겉	속, 표면, 바깥
81	게으르다	부지런하다, 나태하다
82	게임	놀이, 오락
83	겨울	봄, 여름, 가을
84	결과	결론, 성과
85	결석	출석, 지각
86	결심	결정, 결심하다
87	결정	결심, 결정하다
88	결혼	결혼식, 결혼하다
89	결혼식	결혼, 식, 행사
90	경기	경기장, 시합, 게임
91	경찰	경찰서, 경찰관
92	경찰서	경찰, 파출소
93	경치	풍경, 경관
94	경험	경험하다, 체험
95	계단	층, 오르다
96	계란	달걀, 알
97	계산	계산하다, 돈
98	계속	계속하다, 연속
99	계시다	있다, 머물다, 주무시다
100	계절	봄, 여름, 가을, 겨울, 사계절
101	계획	계획하다, 준비
102	고개	머리, 언덕
103	고기	고기류, 소고기, 돼지고기, 닭고기
104	고등학교	중학교, 초등학교, 학교
105	고등학생	학생, 중학생
106	고르다	선택하다, 고르기
107	고맙다	감사하다, 감사
108	고모	고모부, 이모, 삼촌
109	고민	고민하다, 걱정
110	고속버스	버스, 고속도로
111	고양이	강아지, 개, 애완동물
112	고장	고치다, 망가지다
113	고추장	간장, 된장, 조미료
114	고치다	고장, 수리하다
115	고프다	배고프다, 배부르다
116	고향	집, 출신
117	곧	바로, 곧바로
118	곳	장소, 곳곳
119	공	공놀이, 축구공
120	공무원	공무, 직업
121	공부	공부하다, 학습
122	공원	공원, 산책, 놀이터
123	공장	공장, 제조
124	공짜	무료, 무료로
125	공책	노트, 공책
126	공항	비행기, 공항, 비행장
127	공휴일	휴일, 명절
128	과거	과거, 미래, 현재
129	과일	과자, 음식, 과일류
130	과자	과일, 간식, 음식
131	관계	관계하다, 관련
132	관광	관광객, 관광지, 여행
133	관광객	관광, 여행, 여행객
134	관광지	관광, 여행지
135	관심	관심있다, 흥미
136	광고	광고하다, 선전
137	광주	서울, 부산, 대구, 도시
138	괜찮다	좋다, 괜찮아
139	괴로워하다	괴롭다, 고민하다
140	교과서	교재, 책
141	교사	선생님, 교수
142	교수	선생님, 교사
143	교실	교실, 학교, 강의실
144	교육	교육하다, 가르치다
145	교통	교통편, 교통비, 교통사고
146	교통비	교통, 비용
147	교통사고	교통, 사고
148	교환	교환하다, 교체
149	교회	성당, 종교
150	구	구분, 구역
151	구경	구경하다, 보다
152	구두	신발, 운동화
153	구름	비, 날씨, 흐리다
154	구십	팔십, 백, 숫자
155	구월	팔월, 시월, 월
156	국	국물, 음식, 찌개
157	국내	국제, 해외
158	국수	음식, 칼국수
159	국적	국가, 나라
160	국제	국내, 국제적
161	군인	군대, 병사
162	굳다	굳어지다, 딱딱하다
163	굵다	가늘다, 두껍다
164	굽다	구우다, 요리하다
165	궁금하다	궁금증, 의문
166	권	권한, 권리
167	귀	귀, 듣다, 소리
168	귀걸이	귀, 목걸이, 액세서리
169	귀여워하다	귀엽다, 사랑하다
170	귀엽다	귀여워하다, 예쁘다
171	귀찮다	귀찮아하다, 번거롭다
172	규칙	규칙, 법칙
173	귤	감, 과일, 오렌지
174	그	이, 저, 그거
175	그거	그것, 이거, 저거
176	그것	그거, 이것, 저것
177	그곳	여기, 저기, 거기
178	그날	그때, 이날, 저날
179	그냥	그대로, 그저
180	그대로	그냥, 그대로
181	그동안	그동안, 그간
182	그때	그날, 이때, 저때
183	그래	그렇다, 응
184	그래서	그러므로, 그러니까
185	그러나	그러나, 그렇지만
186	그러니까	그래서, 그러므로
187	그러면	그럼, 만약
188	그러므로	그래서, 그러니까
189	그런	그렇다, 이런, 저런
190	그런데	그러나, 그렇지만
191	그럼	그러면, 그렇다
192	그럼	그러면, 그렇다
193	그렇다	그래, 그럼
194	그렇지만	그러나, 그런데
195	그릇	그릇, 접시, 용기
196	그리고	그리고, 또한
197	그리다	그림, 그리기
198	그림	그리다, 그림책
199	그립다	그리워하다, 보고 싶다
200	그만	그만하다, 충분
201	그만두다	그만, 중단하다
202	그분	그이, 이분, 저분
203	그저께	어제, 그제, 모레
204	그쪽	이쪽, 저쪽, 거기
205	그치다	그치다, 멈추다
206	극장	영화관, 극장
207	근처	근처, 주변, 인근
208	글	글, 글씨, 글자
209	글쎄	글쎄요, 모르겠다
210	글쎄요	글쎄, 잘 모르겠어요
211	글씨	글자, 글, 문자
212	글자	글씨, 글, 문자
213	금방	곧, 바로
214	금요일	목요일, 토요일, 요일
215	금지	금지하다, 금지
216	급하다	급히, 빠르다
217	기간	기간, 시간
218	기다리다	기다리기, 대기
219	기르다	기르기, 키우다
220	기름	기름, 유류
221	기말시험	중간시험, 시험
222	기분	기분, 감정, 마음
223	기뻐하다	기쁘다, 즐겁다
224	기쁘다	기뻐하다, 행복하다
225	기쁨	기쁘다, 행복
226	기숙사	기숙사, 숙소
227	기억	기억하다, 기억나다
228	기억나다	기억, 생각나다
229	기온	온도, 날씨
230	기자	기자, 언론인
231	기차	기차표, 기차역, 열차
232	기차역	기차, 역
233	기차표	기차, 표
234	기침	기침하다, 기침
235	기타	기타, 그 외
236	기회	기회, 찬스
237	긴장	긴장하다, 긴장감
238	길	길, 거리, 도로
239	길다	짧다, 길이
240	길이	길다, 넓이, 높이
241	김	김, 김밥, 김치
242	김밥	김, 밥
243	김치	김치찌개, 김치, 김
244	김치찌개	김치, 찌개
245	깊다	얕다, 깊이
246	깊이	깊다, 높이, 넓이
247	까만색	검은색, 검정, 까맣다, 흰색
248	까맣다	검은색, 까만색, 검정, 하얗다
249	깎다	깎기, 자르다
250	깜짝	깜짝 놀라다, 갑자기
251	깨끗이	깨끗하다, 깨끗이
252	깨끗하다	더럽다, 깨끗이
253	깨다	깨지다, 깨우다
254	꺼내다	꺼내기, 넣다
255	껌	껌, 젤리
256	꼭	반드시, 꼭 필요
257	꽃	꽃다발, 꽃병, 꽃집
258	꽃다발	꽃, 꽃다발
259	꽃병	꽃, 병
260	꽃집	꽃, 가게
261	꾸다	꿈, 계획하다
262	꿈	꾸다, 꿈꾸다
263	끄다	켜다, 끄기
264	끊다	끊기, 연결하다
265	끓다	끓이다, 끓기
266	끓이다	끓다, 요리하다
267	끝	끝나다, 끝내다, 처음
268	끝나다	끝, 끝내다, 시작하다
269	끝내다	끝나다, 끝, 시작하다
270	끼다	끼우다, 끼기
271	나	저, 우리
272	나가다	나오다, 들어가다
273	나누다	나누기, 나눔
274	나다	생기다, 발생하다
275	나라	국가, 국적
276	나머지	나머지, 남은 것
277	나무	나무, 숲, 나뭇잎
278	나쁘다	좋다, 나쁘게
279	나오다	나가다, 들어오다
280	나이	나이, 연령
281	나중	나중에, 나중, 먼저
282	나타나다	나타나기, 나타나다
283	나흘	사흘, 닷새, 날
284	낚시	낚시하다, 물고기
285	날	날, 하루, 날짜
286	날다	날기, 날아가다
287	날씨	날씨, 기온, 기후
288	날씬하다	날씬하다, 뚱뚱하다
289	날아다니다	날다, 날아가다
290	날짜	날, 일자
291	남	북, 남녀
292	남기다	남기기, 남다
293	남녀	남자, 여자, 남성, 여성
294	남다	남기다, 남는
295	남대문	동대문, 대문
296	남동생	여동생, 동생, 형, 누나, 언니, 오빠
297	남산	산, 남산, 한강
298	남성	여성, 남자, 남녀
299	남자	여자, 남성, 남녀
300	남쪽	북쪽, 동쪽, 서쪽
301	남편	아내, 부부
302	남학생	여학생, 학생, 남자
303	낫다	낫다, 좋다
304	낫다	낫다, 치료하다
305	낮	밤, 낮잠
306	낮다	높다, 낮게
307	낮잠	낮, 잠
308	내	저, 내가
309	내과	외과, 병원, 과
310	내년	작년, 올해, 년
311	내다	내다, 주다
312	내려가다	내려오다, 올라가다
313	내려오다	내려가다, 올라오다
314	내리다	내려가다, 올라가다
315	내용	내용, 내용물
316	내일	어제, 오늘, 모레
317	냄비	냄비, 냄비
318	냄새	냄새, 냄새나다
319	냉면	면, 냉면
320	냉장고	냉장고, 냉동고
321	너	나, 저, 너희
322	너무	너무, 매우
323	너희	너, 우리
324	넓다	좁다, 넓이, 넓게
325	넘다	넘기다, 넘어가다
326	넘어지다	넘어지다, 넘다
327	넣다	꺼내다, 넣기
328	네	예, 응
329	네	네, 너
330	네	네, 넷
331	넥타이	넥타이, 옷
332	넷	셋, 다섯, 숫자
333	넷째	셋째, 다섯째, 순서
334	년	년, 월, 일
335	노란색	노랗다, 노랑, 빨간색
336	노랗다	노란색, 노랑, 빨갛다
337	노래	노래방, 노래하다, 가요
338	노래방	노래, 노래방
339	노력	노력하다, 노력
340	노인	노인, 어른, 할머니, 할아버지
341	노트	공책, 노트북
342	녹색	녹색, 녹차, 초록색
343	녹차	녹색, 차, 차
344	놀다	놀이, 놀기
345	놀라다	놀라다, 깜짝 놀라다
346	놀이	놀다, 놀이공원
347	농구	농구, 농구공, 농구장
348	농담	농담하다, 농담
349	높다	낮다, 높이, 높게
350	높이	높다, 깊이, 넓이
351	높이	높다, 높이다
352	놓다	놓기, 두다
353	누구	누구, 누가
354	누나	형, 오빠, 언니, 남동생, 여동생
355	누르다	누르기, 누름
356	눈	눈물, 눈, 보다
357	눈	눈, 눈사람, 겨울
358	눈물	눈, 눈물, 울다
359	눕다	일어나다, 자다
360	뉴스	뉴스, 신문
361	느끼다	느낌, 느끼다
362	느낌	느끼다, 느낌
363	느리다	빠르다, 느리게
364	늘	늘, 항상, 언제나
365	늘다	늘리다, 늘어나다
366	늙다	젊다, 늙은
367	능력	능력, 능력자
368	늦다	이르다, 늦게
369	다	다, 모두
370	다녀오다	다녀오다, 다니다
371	다니다	다니기, 다녀오다
372	다르다	다른, 다르게, 같다
373	다른	다르다, 다르게, 같다
374	다리	다리, 다리, 다리
375	다리	다리, 다리, 다리
376	다림질	다림질하다, 다림질
377	다섯	넷, 여섯, 숫자
378	다섯째	넷째, 여섯째, 순서
379	다시	다시, 또, 재차
380	다양	다양하다, 다양성
381	다음	다음날, 다음, 전
382	다음날	다음, 내일, 그날
383	다이어트	다이어트하다, 살빼다
384	다치다	다치기, 다치다
385	다하다	다하다, 다하기
386	닦다	닦기, 닦다
387	단순	단순하다, 단순히, 복잡
388	단어	단어, 어휘, 낱말
389	단추	단추, 단추
390	단풍	단풍, 가을, 단풍나무
391	닫다	열다, 닫기
392	달	달, 월, 월
393	달걀	계란, 알
394	달다	달기, 달다, 쓰다
395	달력	달력, 달력
396	달리기	달리다, 달리기, 뛰다
397	달리다	달리기, 뛰다, 달리다
398	닭	닭고기, 닭, 새
399	닭고기	닭, 고기
400	닮다	닮기, 닮다
401	담배	담배, 담배피다
402	답	답, 대답, 답변
403	답답하다	답답하다, 답답함
404	답장	답, 답장, 편지
405	대	대, 대, 대
406	대구	서울, 부산, 광주, 도시
407	대답	답, 대답하다
408	대부분	대부분, 대다수, 거의
409	대사관	대사관, 대사
410	대전	서울, 부산, 대구, 도시
411	대학	대학교, 대학, 대학생
412	대학교	대학, 중학교, 고등학교
413	대학생	대학, 학생
414	대학원	대학, 대학원생
415	대화	대화하다, 대화
416	대회	대회, 대회
417	댁	집, 댁
418	더	더, 더욱, 더
419	더럽다	깨끗하다, 더럽게
420	더욱	더, 더욱
421	덕분	덕분에, 덕분
422	던지다	던지기, 던지다
423	덥다	춥다, 더위
424	데려가다	데려오다, 데려가기
425	데려오다	데려가다, 데려오기
426	데이트	데이트하다, 데이트
427	도	도, 또한
428	도로	도로, 길, 거리
429	도서관	도서관, 도서
430	도시	도시, 도시, 시골
431	도와주다	도움, 돕다
432	도움	돕다, 도와주다
433	도착	도착하다, 도착
434	독서	독서하다, 독서, 읽기
435	독일	독일, 독일어
436	돈	돈, 돈, 돈
437	돈가스	돈가스, 돈가스
438	돌	돌, 돌, 돌
439	돌다	돌기, 돌다
440	돌려주다	돌리다, 돌려주기
441	돌리다	돌려주다, 돌리기
442	돌아가다	돌아오다, 돌아가기
443	돌아오다	돌아가다, 돌아오기
444	돕다	도움, 도와주다
445	동네	동네, 동네
446	동대문	남대문, 대문
447	동물	동물원, 동물, 동물
448	동물원	동물, 동물원
449	동생	형, 누나, 언니, 오빠, 남동생, 여동생
450	동시	동시에, 동시
451	동안	동안, 동안
452	동전	동전, 돈
453	동쪽	서쪽, 남쪽, 북쪽
454	돼지	돼지고기, 돼지, 동물
455	돼지고기	돼지, 고기
456	되다	되기, 되다
457	-되다	-되다, -되다
458	된장	된장찌개, 간장, 고추장
459	된장찌개	된장, 찌개
460	두	두, 두, 두
461	두껍다	얇다, 두껍게, 두껍다
462	두다	놓다, 두기
463	두부	두부, 두부
464	두세	두세, 두세
465	두통	두통, 두통
466	둘	하나, 셋, 숫자
467	둘째	첫째, 셋째, 순서
468	뒤	앞, 뒤쪽
469	뒤쪽	뒤, 앞쪽
470	드디어	드디어, 드디어
471	드라마	드라마, 드라마
472	드리다	드리기, 주다
473	듣다	듣기, 듣다
474	들다	들기, 들다
475	들다	들기, 들다
476	들르다	들르기, 들르다
477	들리다	들리기, 들리다
478	들어가다	들어오다, 나가다
479	들어오다	들어가다, 나오다
480	등	등, 등, 등
481	등산	등산하다, 등산, 산책
482	디자인	디자인하다, 디자인
483	따뜻하다	차갑다, 따뜻함, 따뜻이
484	따로	따로, 따로따로
485	딸	아들, 딸, 딸기
486	딸기	딸기, 딸기, 과일
487	땀	땀, 땀나다
488	땅	땅, 땅, 땅
489	때	때, 때, 때
490	떠나다	떠나기, 떠나다
491	떠들다	떠들기, 떠들다
492	떡	떡국, 떡볶이, 떡
493	떡국	떡, 국
494	떡볶이	떡, 떡볶이
495	떨어지다	떨어지기, 떨어지다
496	또	또, 또한
497	또는	또는, 또는
498	똑같다	똑같이, 똑같다
499	똑같이	똑같다, 똑같이
500	똑똑하다	똑똑하다, 똑똑함
501	똑바로	똑바로, 똑바로
502	뚱뚱하다	날씬하다, 뚱뚱함
503	뛰다	뛰기, 뛰다, 달리다
504	뛰어가다	뛰다, 뛰어가기
505	뜨겁다	차갑다, 뜨거움
506	뜨다	뜨기, 뜨다
507	뜻	뜻, 의미
508	라디오	라디오, 라디오
509	라면	라면, 라면
510	러시아	러시아, 러시아
511	레스토랑	레스토랑, 레스토랑, 음식점
512	마당	마당, 마당
513	마르다	마르기, 마르다
514	마리	마리, 마리
515	마시다	마시기, 마시다
516	마을	마을, 마을
517	마음	마음, 마음, 마음
518	마중	마중하다, 마중
519	마지막	마지막, 마지막, 처음
520	마치다	마치기, 마치다
521	마트	마트, 마트
522	마흔	마흔, 마흔
523	막걸리	막걸리, 막걸리
524	막히다	막히기, 막히다
525	만	만, 만
526	만나다	만나기, 만나다
527	만두	만두, 만두
528	만들다	만들기, 만들다
529	만약	만약, 만약
530	만일	만약, 만일
531	만지다	만지기, 만지다
532	만화	만화, 만화
533	많다	많이, 많다, 적다
534	많이	많다, 많이
535	말	말, 말하다, 언어
536	말	말, 말, 동물
537	말	말, 말, 말
538	말다	말기, 말다
539	말레이시아	말레이시아, 말레이시아
540	말씀	말, 말씀하시다
541	맑다	맑기, 맑다, 흐리다
542	맛	맛, 맛, 맛
543	맛없다	맛있다, 맛없다
544	맛있다	맛없다, 맛있다
545	맞다	맞기, 맞다
546	맞추다	맞추기, 맞추다
547	매년	매년, 매년
548	매다	매기, 매다
549	매달	매달, 매달
550	매우	매우, 매우
551	매일	매일, 매일
552	매주	매주, 매주
553	매표소	매표소, 매표소
554	맥주	맥주, 맥주
555	맵다	맵기, 맵다, 달다
556	머리	머리카락, 머리, 머리
557	머리카락	머리, 머리카락
558	먹다	먹기, 먹다, 드시다, 잡수시다
559	먼저	먼저, 먼저, 나중
560	멀다	가깝다, 멀리
561	멀리	멀다, 멀리
562	멈추다	멈추기, 멈추다
563	멋	멋, 멋있다
564	멋있다	멋, 멋있다
565	메뉴	메뉴, 메뉴
566	메다	메기, 메다
567	메모	메모하다, 메모
568	메시지	메시지, 메시지
569	메일	메일, 메일
570	며칠	며칠, 며칠
571	명	명, 명
572	명절	명절, 명절
573	몇	몇, 몇
574	모기	모기, 모기
575	모두	모두, 모두
576	모든	모두, 모든
577	모레	내일, 어제, 그저께
578	모르다	모르기, 모르다, 알다
579	모습	모습, 모습
580	모시다	모시기, 모시다
581	모양	모양, 모양
582	모으다	모으기, 모으다
583	모이다	모이기, 모이다
584	모임	모임, 모임
585	모자	모자, 모자
586	모자라다	모자라기, 모자라다
587	목	목, 목, 목
588	목걸이	목, 귀걸이, 액세서리
589	목도리	목, 목도리
590	목소리	목소리, 목소리
591	목요일	수요일, 금요일, 요일
592	목욕	목욕하다, 목욕
593	목욕탕	목욕, 목욕탕
594	목적	목적, 목적
595	몸	몸, 몸, 몸
596	못	못, 못
597	못생기다	잘생기다, 못생기다
598	못하다	못하기, 못하다
599	몽골	몽골, 몽골
600	무	무, 무, 무
601	무겁다	가볍다, 무겁게
602	무게	무게, 무게
603	무궁화	무궁화, 무궁화
604	무료	무료, 무료
605	무릎	무릎, 무릎
606	무섭다	무섭게, 무섭다
607	무슨	무슨, 무슨
608	무엇	무엇, 무엇
609	무척	무척, 무척
610	문	문, 문, 문
611	문제	문제, 문제
612	문화	문화, 문화
613	묻다	묻기, 묻다
614	물	물, 물, 물
615	물건	물건, 물건
616	물고기	물고기, 물고기
617	물론	물론, 물론
618	물어보다	물어보기, 물어보다
619	뭐	뭐, 무엇
620	미국	미국, 미국
621	미끄러지다	미끄러지기, 미끄러지다
622	미래	미래, 미래, 과거
623	미리	미리, 미리
624	미술관	미술관, 미술관
625	미안	미안하다, 미안
626	미역국	미역국, 미역국
627	미용실	미용실, 미용실
628	미터	미터, 미터
629	믿다	믿기, 믿다
630	밀가루	밀가루, 밀가루
631	밀다	밀기, 밀다
632	밑	밑, 밑, 위
633	바깥	바깥쪽, 바깥, 안
634	바깥쪽	바깥, 바깥쪽
635	바꾸다	바꾸기, 바꾸다
636	바뀌다	바뀌기, 바뀌다
637	바나나	바나나, 바나나
638	바다	바다, 바다, 바닷가
639	바닥	바닥, 바닥
640	바닷가	바다, 바닷가
641	바라다	바라기, 바라다
642	바라보다	바라보기, 바라보다
643	바람	바람, 바람
644	바로	바로, 바로
645	바르다	바르기, 바르다
646	바쁘다	바쁘게, 바쁘다
647	바이올린	바이올린, 바이올린
648	바지	바지, 바지
649	박물관	박물관, 박물관
650	박수	박수, 박수
651	밖	밖, 밖, 안
652	반	반, 반
653	반	반, 반
654	반갑다	반갑게, 반갑다
655	반대	반대하다, 반대
656	반드시	반드시, 반드시
657	반바지	바지, 반바지
658	반지	반지, 반지
659	반찬	반찬, 반찬
660	받다	받기, 받다
661	받아쓰다	받아쓰기, 받아쓰다
662	발	발, 발, 발
663	발가락	발, 발가락
664	발바닥	발, 발바닥
665	밝다	어둡다, 밝게
666	밤	밤, 낮, 밤
667	밥	밥, 밥, 밥
668	방	방, 방, 방
669	방금	방금, 방금
670	방문	방문하다, 방문
671	방문	방문, 방문
672	방법	방법, 방법
673	방송	방송하다, 방송
674	방송국	방송, 방송국
675	방학	방학, 방학
676	방향	방향, 방향
677	배	배, 배, 배
678	배	배, 배, 배
679	배	배, 배, 배
680	배	배, 배, 배
681	배달	배달하다, 배달
682	배드민턴	배드민턴, 배드민턴
683	배우	배우, 배우
684	배우다	배우기, 배우다, 가르치다
685	배추	배추, 배추
686	배탈	배탈, 배탈
687	백	백, 백
688	백만	백만, 백만
689	백화점	백화점, 백화점
690	뱀	뱀, 뱀
691	버릇	버릇, 버릇
692	버리다	버리기, 버리다
693	버스	버스, 버스
694	번	번, 번
695	번째	번째, 번째
696	번호	번호, 번호
697	벌	벌, 벌
698	벌다	벌기, 벌다
699	벌써	벌써, 벌써
700	벗다	벗기, 벗다
701	베트남	베트남, 베트남
702	벽	벽, 벽
703	변하다	변하기, 변하다
704	변호사	변호사, 변호사
705	별	별, 별
706	별로	별로, 별로
707	병	병, 병
708	병	병, 병
709	병문안	병문안하다, 병문안
710	병원	병원, 병원
711	보내다	보내기, 보내다
712	보다	보기, 보다
713	보다	보기, 보다
714	보라색	보라색, 보라색
715	보이다	보이기, 보이다
716	보이다	보이기, 보이다
717	보통	보통, 보통
718	복습	복습하다, 복습, 예습
719	복잡하다	복잡하게, 복잡하다, 간단하다
720	볶다	볶기, 볶다
721	볶음밥	볶다, 밥
722	볼펜	볼펜, 볼펜
723	봄	봄, 여름, 가을, 겨울
724	봉투	봉투, 봉투
725	뵙다	뵙기, 뵙다
726	부끄럽다	부끄럽게, 부끄럽다
727	부드럽다	부드럽게, 부드럽다
728	부럽다	부럽게, 부럽다
729	부르다	부르기, 부르다
730	부르다	부르기, 부르다
731	부모님	부모, 부모님
732	부부	부부, 부부
733	부분	부분, 부분
734	부산	서울, 대구, 광주, 도시
735	부엌	부엌, 부엌
736	부인	부인, 부인
737	부자	부자, 부자
738	부장	부장, 부장
739	부족	부족하다, 부족
740	부지런하다	게으르다, 부지런함
741	부치다	부치기, 부치다
742	부탁	부탁하다, 부탁
743	북쪽	남쪽, 동쪽, 서쪽
744	분	분, 분
745	분	분, 분
746	분명하다	분명하게, 분명하다
747	분식	분식, 분식
748	분위기	분위기, 분위기
749	분홍색	분홍색, 분홍색
750	불	불, 불
751	불고기	불고기, 불고기
752	불다	불기, 불다
753	불쌍하다	불쌍하게, 불쌍하다
754	불안	불안하다, 불안
755	불편	불편하다, 불편
756	붉다	붉게, 붉다
757	붙다	붙기, 붙다
758	붙이다	붙이기, 붙이다
759	블라우스	블라우스, 블라우스
760	비	비, 비, 비
761	비교	비교하다, 비교
762	비누	비누, 비누
763	비다	비기, 비다
764	비디오	비디오, 비디오
765	비밀	비밀, 비밀
766	비빔밥	비빔밥, 비빔밥
767	비슷하다	비슷하게, 비슷하다
768	비싸다	비싸게, 비싸다, 싸다
769	비행기	비행기, 비행기, 공항
770	빌딩	빌딩, 빌딩, 건물
771	빌리다	빌리기, 빌리다
772	빠르다	느리다, 빠르게, 빨리
773	빠지다	빠지기, 빠지다
774	빨간색	빨갛다, 빨강, 노란색
775	빨갛다	빨간색, 빨강, 노랗다
776	빨다	빨기, 빨다
777	빨래	빨래하다, 빨래
778	빨리	빠르다, 빨리
779	빵	빵, 빵집
780	빵집	빵, 빵집
781	빼다	빼기, 빼다
782	뽑다	뽑기, 뽑다
783	사	사, 사
784	사거리	사거리, 사거리
785	사계절	계절, 봄, 여름, 가을, 겨울
786	사고	사고, 사고
787	사과	사과, 사과
788	사귀다	사귀기, 사귀다
789	사다	사기, 사다
790	사람	사람, 사람
791	사랑	사랑하다, 사랑
792	사무실	사무실, 사무실
793	사실	사실, 사실
794	사십	사십, 사십
795	사업	사업, 사업
796	사용	사용하다, 사용
797	사월	삼월, 오월, 월
798	사이	사이, 사이
799	사이다	사이다, 사이다
800	사이즈	사이즈, 사이즈
801	사장	사장, 사장
802	사전	사전, 사전
803	사진	사진, 사진
804	사탕	사탕, 사탕
805	사흘	이틀, 나흘, 날
806	산	산, 산, 산책
807	산책	산책하다, 산책
808	살	살, 살
809	살	살, 살
810	살다	살기, 살다
811	삼	삼, 삼
812	삼거리	삼거리, 삼거리
813	삼겹살	삼겹살, 삼겹살
814	삼계탕	삼계탕, 삼계탕
815	삼십	삼십, 삼십
816	삼월	이월, 사월, 월
817	삼촌	삼촌, 이모, 고모
818	상	상, 상
819	상자	상자, 상자
820	상처	상처, 상처
821	상추	상추, 상추
822	상품	상품, 상품
823	새	새, 새
824	새	새, 새
825	새로	새로, 새로
826	새롭다	새롭게, 새롭다
827	새벽	새벽, 새벽
828	새해	새해, 새해
829	색	색깔, 색
830	색깔	색, 색깔
831	샌드위치	샌드위치, 샌드위치
832	생각	생각하다, 생각나다
833	생각나다	생각, 기억나다
834	생기다	생기기, 생기다
835	생선	생선, 생선
836	생신	생신, 생일
837	생일	생일, 생일, 생신
838	생활	생활하다, 생활
839	샤워	샤워하다, 샤워
840	서너	서너, 서너
841	서다	서기, 서다
842	서두르다	서두르기, 서두르다
843	서랍	서랍, 서랍
844	서로	서로, 서로
845	서류	서류, 서류
846	서른	서른, 서른
847	서비스	서비스, 서비스
848	서양	동양, 서양
849	서울	부산, 대구, 광주, 도시
850	서점	서점, 서점
851	서쪽	동쪽, 남쪽, 북쪽
852	섞다	섞기, 섞다
853	선물	선물하다, 선물
854	선배	후배, 선배
855	선생님	선생님, 교사, 교수
856	선선하다	선선하게, 선선하다
857	선수	선수, 선수
858	선택	선택하다, 선택
859	선풍기	선풍기, 선풍기
860	설거지	설거지하다, 설거지
861	설날	설날, 설날
862	설렁탕	설렁탕, 설렁탕
863	설명	설명하다, 설명
864	설탕	설탕, 설탕
865	섬	섬, 섬
866	섭섭하다	섭섭하게, 섭섭하다
867	성	성, 성
868	성격	성격, 성격
869	성공	성공하다, 성공, 실패
870	성적	성적, 성적
871	성함	성함, 이름
872	세	세, 세
873	세	세, 세
874	세계	세계, 세계
875	세다	세기, 세다
876	세배	세배하다, 세배
877	세상	세상, 세상
878	세수	세수하다, 세수
879	세우다	세우기, 세우다
880	세탁	세탁하다, 세탁
881	세탁기	세탁, 세탁기
882	세탁소	세탁, 세탁소
883	센터	센터, 센터
884	센티미터	센티미터, 센티미터
885	셋	둘, 넷, 숫자
886	셋째	둘째, 넷째, 순서
887	소	소, 소
888	소개	소개하다, 소개
889	소고기	소, 고기
890	소금	소금, 소금
891	소리	소리, 소리
892	소설	소설, 소설
893	소식	소식, 소식
894	소주	소주, 소주
895	소중하다	소중하게, 소중하다
896	소파	소파, 소파
897	소포	소포, 소포
898	소풍	소풍, 소풍
899	소화제	소화제, 소화제
900	속	속, 속, 겉
901	속도	속도, 속도
902	속옷	속옷, 속옷
903	손	손, 손
904	손가락	손, 손가락
905	손녀	손녀, 손자
906	손님	손님, 손님
907	손바닥	손, 손바닥
908	손수건	손수건, 손수건
909	송편	송편, 송편
910	쇼핑	쇼핑하다, 쇼핑
911	수	수, 수
912	수건	수건, 수건
913	수고	수고하다, 수고
914	수박	수박, 수박
915	수술	수술하다, 수술
916	수업	수업, 수업
917	수영	수영하다, 수영
918	수영복	수영, 수영복
919	수영장	수영, 수영장
920	수요일	화요일, 목요일, 요일
921	수저	수저, 수저
922	수첩	수첩, 수첩
923	숙제	숙제, 숙제
924	순두부찌개	순두부찌개, 순두부찌개
925	순서	순서, 순서
926	숟가락	숟가락, 젓가락, 수저
927	술	술, 술집
928	술집	술, 술집
929	숫자	숫자, 숫자
930	쉬다	쉬기, 쉬다
931	쉬다	쉬기, 쉬다
932	쉰	쉰, 쉰
933	쉽다	어렵다, 쉽게
934	슈퍼마켓	슈퍼마켓, 슈퍼마켓
935	스무	스무, 스무
936	스물	스물, 스물
937	스스로	스스로, 스스로
938	스웨터	스웨터, 스웨터
939	스카프	스카프, 스카프
940	스케이트	스케이트, 스케이트
941	스키	스키, 스키장
942	스키장	스키, 스키장
943	스타	스타, 스타
944	스트레스	스트레스, 스트레스
945	스파게티	스파게티, 스파게티
946	스포츠	스포츠, 스포츠
947	슬퍼하다	슬프다, 슬픔
948	슬프다	슬퍼하다, 슬픔
949	슬픔	슬프다, 슬퍼하다
950	습관	습관, 습관
951	시	시, 시
952	시	시, 시
953	시간	시간표, 시간
954	시간표	시간, 시간표
955	시계	시계, 시계
956	시골	도시, 시골
957	시끄럽다	시끄럽게, 시끄럽다
958	시내	시내, 시내
959	시다	시기, 시다
960	시민	시민, 시민
961	시어머니	시어머니, 시어머니
962	시원하다	시원하게, 시원하다
963	시월	구월, 시월, 월
964	시작	시작하다, 시작
965	시장	시장, 시장
966	시청	시청하다, 시청
967	시키다	시키기, 시키다
968	시험	시험, 시험
969	식구	식구, 가족
970	식다	식기, 식다
971	식당	식당, 식당
972	식빵	식빵, 식빵
973	식사	식사하다, 식사
974	식초	식초, 식초
975	식탁	식탁, 식탁
976	식품	식품, 식품
977	신다	신기, 신다
978	신랑	신부, 신랑
979	신문	신문, 신문
980	신발	신발, 신발
981	신부	신랑, 신부
982	신분증	신분증, 신분증
983	신선하다	신선하게, 신선하다
984	신청	신청하다, 신청
985	신호	신호, 신호
986	신호등	신호, 신호등
987	신혼여행	신혼여행, 신혼여행
988	싣다	싣기, 싣다
989	실례	실례하다, 실례
990	실수	실수하다, 실수
991	실패	성공, 실패하다
992	싫다	싫어하다, 싫다
993	싫어하다	싫다, 싫어하다
994	심다	심기, 심다
995	심심하다	심심하게, 심심하다
996	심하다	심하게, 심하다
997	십	십, 십
998	십만	십만, 십만
999	십이월	십일월, 십이월, 월
1000	십일월	십월, 십이월, 월
1001	싱겁다	싱겁게, 싱겁다
1002	싸다	비싸다, 싸게
1003	싸다	싸기, 싸다
1004	싸우다	싸우기, 싸우다
1005	쌀	쌀, 쌀
1006	쌀쌀하다	쌀쌀하게, 쌀쌀하다
1007	쌓다	쌓기, 쌓다
1008	썰다	썰기, 썰다
1009	쓰다	쓰기, 쓰다
1010	쓰다	쓰기, 쓰다
1011	쓰다	쓰기, 쓰다
1012	쓰다	쓰기, 쓰다
1013	쓰레기	쓰레기, 쓰레기통
1014	쓰레기통	쓰레기, 쓰레기통
1015	씨	씨, 씨
1016	씹다	씹기, 씹다
1017	씻다	씻기, 씻다
1018	아	아, 아
1019	아가씨	아가씨, 아가씨
1020	아기	아기, 아기
1021	아까	아까, 아까
1022	아나운서	아나운서, 아나운서
1023	아내	남편, 부부
1024	아니	아니, 아니
1025	아니다	아니기, 아니다
1026	아니요	아니, 아니요
1027	아들	딸, 아들
1028	아래	위, 아래쪽
1029	아래쪽	아래, 위쪽
1030	아르바이트	아르바이트, 아르바이트
1031	아름답다	아름답게, 아름답다
1032	아마	아마, 아마
1033	아무	아무, 아무
1034	아무것	아무것, 아무것
1035	아무리	아무리, 아무리
1036	아버님	아버지, 아버님
1037	아버지	어머니, 아버지
1038	아빠	엄마, 아빠
1039	아이	아이, 아이
1040	아이스크림	아이스크림, 아이스크림
1041	아저씨	아주머니, 아저씨
1042	아주	아주, 아주
1043	아주머니	아저씨, 아주머니
1044	아줌마	아줌마, 아주머니
1045	아직	아직, 아직
1046	아침	아침, 아침
1047	아파트	아파트, 아파트
1048	아프다	아프기, 아프다
1049	아흔	아흔, 아흔
1050	악기	악기, 악기
1051	안	안, 안, 밖
1052	안	안, 안
1053	안개	안개, 안개
1054	안경	안경, 안경
1055	안내	안내하다, 안내
1056	안내문	안내, 안내문
1057	안녕	안녕하다, 안녕
1058	안녕히	안녕히, 안녕히
1059	안다	안기, 안다
1060	안되다	안되기, 안되다
1061	안전	안전하다, 안전
1062	안쪽	안, 밖, 바깥쪽
1063	앉다	앉기, 앉다
1064	알다	모르다, 알기
1065	알리다	알리기, 알리다
1066	알맞다	알맞게, 알맞다
1067	알아보다	알아보기, 알아보다
1068	앞	뒤, 앞쪽
1069	앞쪽	앞, 뒤쪽
1070	애	애, 애
1071	애인	애인, 애인
1072	앨범	앨범, 앨범
1073	야	야, 야
1074	야구	야구, 야구
1075	야채	야채, 야채
1076	약	약, 약
1077	약	약, 약
1078	약간	약간, 약간
1079	약국	약국, 약국
1080	약사	약사, 약사
1081	약속	약속하다, 약속
1082	약하다	강하다, 약하게
1083	얇다	두껍다, 얇게
1084	양말	양말, 양말
1085	양복	양복, 양복
1086	양식	양식, 양식
1087	양식집	양식, 양식집
1088	양치질	양치질하다, 양치질
1089	얘기	얘기하다, 얘기, 이야기
1090	어	어, 어
1091	어깨	어깨, 어깨
1092	어느	어느, 어느
1093	어둡다	밝다, 어둡게
1094	어디	어디, 어디
1095	어떠하다	어떠하게, 어떠하다
1096	어떤	어떤, 어떤
1097	어떻다	어떻게, 어떻다
1098	어렵다	쉽다, 어렵게
1099	어른	어른, 어른
1100	어리다	어리게, 어리다
1101	어린아이	어린이, 아이
1102	어린이	어린아이, 아이
1103	어머니	아버지, 어머니
1104	어머님	어머니, 어머님
1105	어서	어서, 어서
1106	어울리다	어울리기, 어울리다
1107	어제	오늘, 내일, 그저께
1108	어젯밤	어제, 밤
1109	억	억, 억
1110	언니	오빠, 형, 누나, 남동생, 여동생
1111	언어	언어, 언어
1112	언제	언제, 언제
1113	언제나	언제나, 언제나
1114	얻다	얻기, 얻다
1115	얼굴	얼굴, 얼굴
1116	얼다	얼기, 얼다
1117	얼마	얼마, 얼마
1118	얼마나	얼마나, 얼마나
1119	얼음	얼음, 얼음
1120	엄마	아빠, 엄마
1121	없다	있다, 없기
1122	엉덩이	엉덩이, 엉덩이
1123	에어컨	에어컨, 에어컨
1124	엘리베이터	엘리베이터, 엘리베이터
1125	여권	여권, 여권
1126	여기	저기, 거기, 어디
1127	여기저기	여기, 저기
1128	여덟	일곱, 아홉, 숫자
1129	여동생	남동생, 동생, 형, 누나, 언니, 오빠
1130	여든	여든, 여든
1131	여러	여러, 여러
1132	여러분	여러분, 여러분
1133	여름	봄, 가을, 겨울
1134	여보세요	여보세요, 여보세요
1135	여섯	다섯, 일곱, 숫자
1136	여성	남성, 여자, 남녀
1137	여자	남자, 여성, 남녀
1138	여쭙다	여쭙기, 여쭙다
1139	여학생	남학생, 학생, 여자
1140	여행	여행하다, 여행사, 여행지
1141	여행사	여행, 여행사
1142	여행지	여행, 여행지
1143	역	역, 역
1144	역사	역사, 역사
1145	역시	역시, 역시
1146	연결	연결하다, 연결
1147	연극	연극, 연극
1148	연락	연락하다, 연락처
1149	연락처	연락, 연락처
1150	연말	연말, 연말
1151	연세	나이, 연세
1152	연습	연습하다, 연습
1153	연예인	연예인, 연예인
1154	연필	연필, 연필
1155	연휴	연휴, 연휴
1156	열	열, 열
1157	열	열, 열
1158	열다	닫다, 열기
1159	열리다	열리기, 열리다
1160	열쇠	열쇠, 열쇠
1161	열심히	열심히, 열심히
1162	열차	열차, 기차
1163	열흘	열흘, 열흘
1164	엽서	엽서, 엽서
1165	영	영, 영
1166	영국	영국, 영국
1167	영수증	영수증, 영수증
1168	영어	영어, 영어
1169	영하	영하, 영하
1170	영화	영화관, 영화배우
1171	영화관	영화, 극장
1172	영화배우	영화, 배우
1173	옆	옆, 옆집
1174	옆집	옆, 옆집
1175	예	예, 예
1176	예매	예매하다, 예매
1177	예쁘다	예쁘게, 예쁘다
1178	예순	예순, 예순
1179	예술	예술, 예술
1180	예습	예습하다, 예습, 복습
1181	예약	예약하다, 예약
1182	옛	옛, 옛날
1183	옛날	옛, 옛날
1184	오	오, 오
1185	오늘	어제, 내일, 오늘
1186	오다	가다, 오기
1187	오래	오래, 오래되다
1188	오래간만	오랜만, 오래간만
1189	오래되다	오래, 오래되기
1190	오랜만	오래간만, 오랜만
1191	오랫동안	오래, 오랫동안
1192	오렌지	오렌지, 오렌지
1193	오르다	내려가다, 오르기
1194	오른손	왼손, 오른쪽
1195	오른쪽	왼쪽, 오른손
1196	오빠	형, 누나, 언니, 남동생, 여동생
1197	오십	오십, 오십
1198	오월	사월, 유월, 월
1199	오이	오이, 오이
1200	오전	오후, 오전
1201	오후	오전, 오후
1202	온도	온도, 기온
1203	올라가다	올라오다, 내려가다
1204	올라오다	올라가다, 내려오다
1205	올리다	올리기, 올리다
1206	올림	올림, 올림
1207	올림픽	올림픽, 올림픽
1208	올해	작년, 내년, 올해
1209	옳다	옳게, 옳다
1210	옷	옷걸이, 옷장
1211	옷걸이	옷, 옷걸이
1212	옷장	옷, 옷장
1213	와	와, 와
1214	와이셔츠	와이셔츠, 와이셔츠
1215	완전히	완전히, 완전히
1216	왕	왕, 왕
1217	왜	왜, 왜
1218	왜냐하면	왜냐하면, 왜냐하면
1219	외국	외국어, 외국인
1220	외국어	외국, 외국어
1221	외국인	외국, 외국인
1222	외롭다	외롭게, 외롭다
1223	외우다	외우기, 외우다
1224	외출	외출하다, 외출
1225	왼손	오른손, 왼쪽
1226	왼쪽	오른쪽, 왼손
1227	요금	요금, 요금
1228	요리	요리하다, 요리사
1229	요리사	요리, 요리사
1230	요일	요일, 요일
1231	요즘	요즘, 요즘
1232	우동	우동, 우동
1233	우리	우리나라, 우리
1234	우리나라	우리, 우리나라
1235	우산	우산, 우산
1236	우선	우선, 우선
1237	우유	우유, 우유
1238	우체국	우체국, 우체국
1239	우표	우표, 우표
1240	운동	운동하다, 운동복, 운동장, 운동화
1241	운동복	운동, 운동복
1242	운동장	운동, 운동장
1243	운동화	운동, 신발
1244	운전	운전하다, 운전사
1245	운전사	운전, 운전사
1246	울다	울기, 울다, 울음
1247	울산	서울, 부산, 대구, 도시
1248	울음	울다, 울음
1249	움직이다	움직이기, 움직이다
1250	웃다	웃기, 웃다, 웃음
1251	웃음	웃다, 웃음
1252	원	원, 원
1253	원피스	원피스, 원피스
1254	원하다	원하기, 원하다
1255	월	월, 월
1256	월급	월급, 월급
1257	월요일	일요일, 화요일, 요일
1258	위	아래, 위쪽
1259	위쪽	위, 아래쪽
1260	위치	위치, 위치
1261	위험	위험하다, 위험
1262	유리	유리, 유리
1263	유명	유명하다, 유명
1264	유월	오월, 칠월, 월
1265	유치원	유치원, 유치원
1266	유학	유학하다, 유학생
1267	유학생	유학, 유학생
1268	유행	유행하다, 유행
1269	육	육, 육
1270	육교	육교, 육교
1271	육십	육십, 육십
1272	윷놀이	윷놀이, 윷놀이
1273	은행	은행, 은행
1274	음	음, 음
1275	음료	음료수, 음료
1276	음료수	음료, 음료수
1277	음식	음식점, 음식
1278	음식점	음식, 식당
1279	음악	음악가, 음악
1280	음악가	음악, 음악가
1281	응	응, 응
1282	의미	의미, 의미
1283	의사	의사, 의사
1284	의자	의자, 의자
1285	이	이, 이
1286	이	이, 이
1287	이	이, 이
1288	이거	이것, 그거, 저거
1289	이것	이거, 그것, 저것
1290	이곳	여기, 그곳, 저곳
1291	이기다	이기기, 이기다
1292	이날	이때, 그날, 저날
1293	이다	이기, 이다
1294	이따가	이따가, 이따가
1295	이때	이날, 그때, 저때
1296	이런	이렇다, 그런, 저런
1297	이렇다	이런, 그렇다, 저렇다
1298	이르다	늦다, 이르게
1299	이름	이름, 이름
1300	이마	이마, 이마
1301	이모	이모, 고모, 삼촌
1302	이미	이미, 이미
1303	이번	이번, 이번
1304	이분	이분, 그분, 저분
1305	이불	이불, 이불
1306	이사	이사하다, 이사
1307	이삿짐	이사, 이삿짐
1308	이상	이상, 이상
1309	이상	이상, 이상
1310	이십	이십, 이십
1311	이야기	이야기하다, 이야기
1312	이용	이용하다, 이용
1313	이웃	이웃, 이웃
1314	이월	일월, 삼월, 월
1315	이유	이유, 이유
1316	이전	이전, 이전
1317	이제	이제, 이제
1318	이쪽	이쪽, 그쪽, 저쪽
1319	이틀	하루, 사흘, 날
1320	이해	이해하다, 이해
1321	이후	이후, 이후
1322	익다	익기, 익다
1323	익숙하다	익숙하게, 익숙하다
1324	인기	인기, 인기
1325	인도네시아	인도네시아, 인도네시아
1326	인분	인분, 인분
1327	인사	인사하다, 인사
1328	인삼	인삼, 인삼
1329	인정받다	인정받기, 인정받다
1330	인천	서울, 부산, 대구, 도시
1331	인터넷	인터넷, 인터넷
1332	인형	인형, 인형
1333	일	일, 일
1334	일	일, 일
1335	일	일, 일
1336	일곱	여섯, 여덟, 숫자
1337	일기	일기, 일기
1338	일본	일본, 일본
1339	일부	일부, 일부
1340	일식	일식, 일식집
1341	일식집	일식, 일식집
1342	일어나다	일어나기, 일어나다
1343	일어서다	일어서기, 일어서다
1344	일요일	일요일, 월요일, 요일
1345	일월	일월, 이월, 월
1346	일주일	일주일, 일주일
1347	일찍	일찍, 일찍
1348	일흔	일흔, 일흔
1349	읽다	읽기, 읽다
1350	잃다	잃기, 잃다
1351	잃어버리다	잃다, 잃어버리기
1352	입	입, 입
1353	입구	입구, 입구
1354	입다	입기, 입다, 갈아입다
1355	입술	입술, 입술
1356	입원	입원하다, 입원
1357	입장권	입장권, 입장권
1358	입학	입학하다, 입학
1359	입학시험	입학, 시험
1360	있다	없다, 있기, 계시다
1361	잊다	잊기, 잊다
1362	잊어버리다	잊다, 잊어버리기
1363	잎	잎, 잎
1364	자기소개	자기소개, 자기소개
1365	자꾸	자꾸, 자꾸
1366	자다	자기, 자다, 주무시다
1367	자동차	자동차, 자동차
1368	자동판매기	자동판매기, 자동판매기
1369	자라다	자라기, 자라다
1370	자랑	자랑하다, 자랑
1371	자르다	자르기, 자르다
1372	자리	자리, 자리
1373	자세히	자세히, 자세히
1374	자식	자식, 자식
1375	자신	자신, 자신
1376	자연	자연, 자연
1377	자유	자유, 자유
1378	자장면	자장면, 자장면
1379	자전거	자전거, 자전거
1380	자주	자주, 자주
1381	자판기	자판기, 자판기
1382	작년	작년, 올해, 내년
1383	작다	크다, 작게
1384	잔	잔, 잔
1385	잔치	잔치, 잔치
1386	잘	잘, 잘
1387	잘되다	잘되기, 잘되다
1388	잘못	잘못, 잘못
1389	잘못되다	잘못되기, 잘못되다
1390	잘못하다	잘못하기, 잘못하다
1391	잘생기다	못생기다, 잘생기다
1392	잘하다	잘하기, 잘하다
1393	잠	잠, 잠자다
1394	잠깐	잠시, 잠깐
1395	잠시	잠깐, 잠시
1396	잠자다	자다, 잠자기
1397	잡다	잡기, 잡다
1398	잡수시다	먹다, 드시다, 잡수시다
1399	잡지	잡지, 잡지
1400	잡채	잡채, 잡채
1401	장	장, 장
1402	장갑	장갑, 장갑
1403	장난감	장난감, 장난감
1404	장마	장마, 장마
1405	장미	장미, 장미
1406	장소	장소, 장소
1407	재료	재료, 재료
1408	재미	재미, 재미있다, 재미없다
1409	재미없다	재미있다, 재미없다
1410	재미있다	재미없다, 재미있다
1411	재채기	재채기, 재채기
1412	저	저, 저
1413	저	저, 저
1414	저	저, 저
1415	저거	저것, 이거, 그거
1416	저것	저거, 이것, 그것
1417	저곳	저곳, 여기, 거기
1418	저금	저금하다, 저금
1419	저기	저기, 여기, 거기
1420	저녁	저녁, 저녁
1421	저런	저렇다, 이런, 그런
1422	저렇다	저런, 이렇다, 그렇다
1423	저번	저번, 저번
1424	저분	저분, 이분, 그분
1425	저쪽	저쪽, 이쪽, 그쪽
1426	저희	저희, 우리
1427	적다	적기, 적다
1428	적다	많다, 적게
1429	적당하다	적당하게, 적당하다
1430	전	전, 전
1431	전	전, 전
1432	전공	전공, 전공
1433	전기	전기, 전기
1434	전부	전부, 전부
1435	전철	전철, 전철
1436	전체	전체, 전체
1437	전하다	전하기, 전하다
1438	전혀	전혀, 전혀
1439	전화	전화하다, 전화기, 전화번호
1440	전화기	전화, 전화기
1441	전화번호	전화, 전화번호
1442	젊다	늙다, 젊게
1443	점수	점수, 점수
1444	점심	점심때, 점심시간
1445	점심때	점심, 점심때
1446	점심시간	점심, 점심시간
1447	점점	점점, 점점
1448	접다	접기, 접다
1449	접시	접시, 그릇
1450	젓가락	숟가락, 수저
1451	정거장	정거장, 정거장
1452	정도	정도, 정도
1453	정류장	정류장, 정류장
1454	정리	정리하다, 정리
1455	정말	정말, 정말
1456	정문	정문, 정문
1457	정신없이	정신없이, 정신없이
1458	정원	정원, 정원
1459	정하다	정하기, 정하다
1460	정형외과	정형외과, 정형외과
1461	정확	정확하다, 정확
1462	젖다	젖기, 젖다
1463	제	제, 제
1464	제목	제목, 제목
1465	제일	제일, 제일
1466	제주도	제주도, 제주도
1467	조금	조금씩, 조금
1468	조금씩	조금, 조금씩
1469	조심	조심하다, 조심
1470	조용하다	조용히, 조용하다
1471	조용히	조용하다, 조용히
1472	조카	조카, 조카
1473	졸다	졸기, 졸다
1474	졸업	졸업하다, 졸업
1475	좀	좀, 좀
1476	좁다	넓다, 좁게
1477	종류	종류, 종류
1478	종업원	종업원, 종업원
1479	종이	종이, 종이
1480	좋다	나쁘다, 좋게
1481	좋아하다	좋아하기, 좋아하다, 싫어하다
1482	죄송하다	죄송하게, 죄송하다
1483	주	주, 주
1484	주다	주기, 주다, 드리다
1485	주로	주로, 주로
1486	주말	주말, 주말
1487	주머니	주머니, 주머니
1488	주무시다	자다, 주무시다
1489	주문	주문하다, 주문
1490	주변	주변, 주변
1491	주부	주부, 주부
1492	주사	주사, 주사
1493	주소	주소, 주소
1494	주스	주스, 주스
1495	주위	주위, 주위
1496	주인	주인, 주인
1497	주일	주일, 주일
1498	주차	주차하다, 주차장
1499	주차장	주차, 주차장
1500	주황색	주황색, 주황색
1501	죽다	죽기, 죽다
1502	준비	준비하다, 준비
1503	줄	줄, 줄
1504	줄다	줄기, 줄다
1505	줄이다	줄이기, 줄이다
1506	줍다	줍기, 줍다
1507	중	중, 중
1508	중간	중간, 중간
1509	중국	중국, 중국
1510	중국집	중국, 중국집
1511	중심	중심, 중심
1512	중앙	중앙, 중앙
1513	중요	중요하다, 중요
1514	중학교	중학교, 고등학교, 초등학교
1515	중학생	중학생, 학생
1516	즐거워하다	즐겁다, 즐거워하다
1517	즐겁다	즐거워하다, 즐겁게
1518	즐기다	즐기기, 즐기다
1519	지각	지각하다, 지각
1520	지갑	지갑, 지갑
1521	지금	지금, 지금
1522	지나가다	지나가기, 지나가다
1523	지나다	지나기, 지나다
1524	지난달	지난달, 지난달
1525	지난번	지난번, 지난번
1526	지난주	지난주, 지난주
1527	지난해	지난해, 지난해
1528	지내다	지내기, 지내다
1529	지다	지기, 지다
1530	지도	지도, 지도
1531	지루하다	지루하게, 지루하다
1532	지르다	지르기, 지르다
1533	지방	지방, 지방
1534	지우개	지우개, 지우개
1535	지우다	지우기, 지우다
1536	지키다	지키기, 지키다
1537	지하	지하, 지하
1538	지하도	지하도, 지하도
1539	지하철	지하철역, 지하철
1540	지하철역	지하철, 역
1541	직업	직업, 직업
1542	직원	직원, 직원
1543	직장	직장, 직장
1544	직접	직접, 직접
1545	진짜	진짜, 진짜
1546	진하다	진하게, 진하다
1547	질문	질문하다, 질문
1548	짐	짐, 짐
1549	집	집, 집
1550	집들이	집들이, 집들이
1551	집안일	집안일, 집안일
1552	짓다	짓기, 짓다
1553	짜다	짜기, 짜다
1554	짜증	짜증, 짜증
1555	짝	짝, 짝
1556	짧다	길다, 짧게
1557	짬뽕	짬뽕, 짬뽕
1558	쪽	쪽, 쪽
1559	찌개	찌개, 찌개
1560	찌다	찌기, 찌다
1561	찌다	찌기, 찌다
1562	찍다	찍기, 찍다
1563	차	차, 차
1564	차	차, 차
1565	차갑다	뜨겁다, 차갑게
1566	차다	차기, 차다
1567	차다	차기, 차다
1568	차다	차기, 차다
1569	차다	차기, 차다
1570	차례	차례, 차례
1571	착하다	착하게, 착하다
1572	찬물	찬물, 찬물
1573	참	참, 참
1574	참다	참기, 참다
1575	참외	참외, 참외
1576	창문	창문, 창문
1577	찾다	찾기, 찾다
1578	찾아가다	찾아가기, 찾아가다
1579	찾아보다	찾아보기, 찾아보다
1580	찾아오다	찾아오기, 찾아오다
1581	채소	채소, 채소
1582	책	책, 책상, 책장
1583	책상	책, 책상
1584	책장	책, 책장
1585	처음	처음, 처음, 마지막
1586	천	천, 천
1587	천만	천만, 천만
1588	천천히	천천히, 천천히
1589	첫	첫, 첫
1590	첫날	첫날, 첫날
1591	첫째	첫째, 둘째, 순서
1592	청년	청년, 청년
1593	청바지	청바지, 청바지
1594	청소	청소하다, 청소
1595	청소년	청소년, 청소년
1596	체육관	체육관, 체육관
1597	체크무늬	체크무늬, 체크무늬
1598	쳐다보다	쳐다보기, 쳐다보다
1599	초	초, 초
1600	초	초, 초
1601	초대	초대하다, 초대장
1602	초대장	초대, 초대장
1603	초등학교	초등학교, 중학교, 고등학교
1604	초등학생	초등학생, 학생
1605	초록색	녹색, 초록색
1606	초콜릿	초콜릿, 초콜릿
1607	최고	최고, 최고
1608	최근	최근, 최근
1609	추다	추기, 추다
1610	추석	추석, 추석
1611	축구	축구공, 축구
1612	축구공	축구, 공
1613	축하	축하하다, 축하
1614	출구	출구, 출구
1615	출근	출근하다, 출근, 퇴근
1616	출발	출발하다, 출발
1617	출석	출석하다, 출석, 결석
1618	출입	출입하다, 출입
1619	출입국	출입국, 출입국
1620	출장	출장, 출장
1621	출퇴근	출근, 퇴근
1622	춤	춤추다, 춤
1623	춤추다	춤, 춤추기
1624	춥다	덥다, 춥게
1625	충분하다	충분하게, 충분하다
1626	취미	취미, 취미
1627	취소	취소하다, 취소
1628	취직	취직하다, 취직
1629	층	층, 층
1630	치과	치과, 치과
1631	치다	치기, 치다
1632	치료	치료하다, 치료
1633	치마	치마, 치마
1634	치약	치약, 치약
1635	치킨	치킨, 치킨
1636	친구	친구, 친구
1637	친절	친절하다, 친절
1638	친척	친척, 친척
1639	친하다	친하게, 친하다
1640	칠	칠, 칠
1641	칠십	칠십, 칠십
1642	칠월	유월, 팔월, 월
1643	칠판	칠판, 칠판
1644	침대	침대, 침실
1645	침실	침실, 침대
1646	칫솔	칫솔, 칫솔
1647	칭찬	칭찬하다, 칭찬
1648	카드	카드, 카드
1649	카레	카레, 카레
1650	카메라	카메라, 카메라
1651	카페	카페, 카페
1652	칼	칼, 칼국수
1653	칼국수	칼, 국수
1654	캐나다	캐나다, 캐나다
1655	커피	커피, 커피숍
1656	커피숍	커피, 커피숍
1657	컴퓨터	컴퓨터, 컴퓨터
1658	컵	컵, 컵
1659	케이크	케이크, 케이크
1660	켜다	끄다, 켜기
1661	켜다	끄다, 켜기
1662	켤레	켤레, 켤레
1663	코	코, 코
1664	코끼리	코끼리, 코끼리
1665	콘서트	콘서트, 콘서트
1666	콜라	콜라, 콜라
1667	콧물	콧물, 콧물
1668	콩	콩, 콩
1669	크기	크기, 크기
1670	크다	작다, 크게
1671	크리스마스	크리스마스, 크리스마스
1672	큰소리	큰소리, 큰소리
1673	키	키, 키우다
1674	키우다	키우기, 키우다, 기르다
1675	킬로그램	킬로그램, 킬로그램
1676	킬로미터	킬로미터, 킬로미터
1677	타다	타기, 타다
1678	타다	타기, 타다
1679	타다	타기, 타다
1680	탁구	탁구, 탁구
1681	탕수육	탕수육, 탕수육
1682	태국	태국, 태국
1683	태권도	태권도, 태권도
1684	태극기	태극기, 태극기
1685	태도	태도, 태도
1686	태어나다	태어나기, 태어나다
1687	태풍	태풍, 태풍
1688	택배	택배, 택배
1689	택시	택시, 택시
1690	터미널	터미널, 터미널
1691	테니스	테니스, 테니스장
1692	테니스장	테니스, 테니스장
1693	테이블	테이블, 테이블
1694	텔레비전	텔레비전, 텔레비전
1695	토끼	토끼, 토끼
1696	토마토	토마토, 토마토
1697	토요일	금요일, 일요일, 요일
1698	통장	통장, 통장
1699	통화	통화하다, 통화
1700	퇴근	퇴근하다, 퇴근, 출근
1701	퇴원	퇴원하다, 퇴원, 입원
1702	튀기다	튀기기, 튀기다, 튀김
1703	튀김	튀기다, 튀김
1704	트럭	트럭, 트럭
1705	특별하다	특별하게, 특별히
1706	특별히	특별하다, 특별히
1707	특히	특히, 특히
1708	튼튼하다	튼튼하게, 튼튼하다
1709	틀다	틀기, 틀다
1710	틀리다	틀리기, 틀리다
1711	티셔츠	티셔츠, 티셔츠
1712	팀	팀, 팀
1713	파란색	파랗다, 파랑, 노란색
1714	파랗다	파란색, 파랑, 노랗다
1715	파티	파티, 파티
1716	팔	팔, 팔
1717	팔	팔, 팔
1718	팔다	팔기, 팔다, 팔리다
1719	팔리다	팔다, 팔리기
1720	팔십	팔십, 팔십
1721	팔월	칠월, 구월, 월
1722	펴다	펴기, 펴다
1723	편리	편리하다, 편리
1724	편안	편안하다, 편안
1725	편의점	편의점, 편의점
1726	편지	편지, 편지
1727	편찮다	편찮기, 편찮다
1728	편하다	편하게, 편하다
1729	평소	평소, 평소
1730	평일	평일, 평일
1731	포도	포도, 포도
1732	포장	포장하다, 포장
1733	표	표, 표
1734	푸르다	푸르게, 푸르다
1735	푹	푹, 푹
1736	풀다	풀기, 풀다
1737	풍경	풍경, 풍경
1738	프라이팬	프라이팬, 프라이팬
1739	프랑스	프랑스, 프랑스
1740	프로그램	프로그램, 프로그램
1741	피	피, 피
1742	피곤	피곤하다, 피곤
1743	피다	피기, 피다
1744	피아노	피아노, 피아노
1745	피우다	피우기, 피우다
1746	피자	피자, 피자
1747	필요	필요하다, 필요
1748	필통	필통, 필통
1749	하나	둘, 하나, 숫자
1750	하늘	하늘, 하늘색
1751	하늘색	하늘, 하늘색
1752	하다	하기, 하다
1753	-하다	-하기, -하다
1754	하루	하루, 하루
1755	하숙비	하숙비, 하숙비
1756	하숙집	하숙집, 하숙집
1757	하얀색	흰색, 하얗다, 검은색
1758	하얗다	하얀색, 흰색, 까맣다
1759	하지만	하지만, 하지만
1760	학교	학교, 학교
1761	학기	학기, 학기
1762	학년	학년, 학년
1763	학생	학생, 학생
1764	학생증	학생증, 학생증
1765	학원	학원, 학원
1766	한	한, 한
1767	한가하다	한가하게, 한가하다
1768	한강	한강, 한강
1769	한국	한국, 한국
1770	한글	한글, 한글
1771	한두	한두, 한두
1772	한번	한번, 한번
1773	한복	한복, 한복
1774	한식	한식, 한식집
1775	한식집	한식, 한식집
1776	한옥	한옥, 한옥
1777	한잔	한잔, 한잔
1778	한턱	한턱, 한턱
1779	할머니	할아버지, 할머니
1780	할아버지	할머니, 할아버지
1781	할인	할인하다, 할인
1782	함께	함께, 함께
1783	항공	항공, 항공권
1784	항공권	항공, 항공권
1785	항상	항상, 항상
1786	해	해, 해
1787	해마다	해마다, 해마다
1788	해외	해외, 해외여행
1789	해외여행	해외, 여행
1790	햄버거	햄버거, 햄버거
1791	햇빛	햇빛, 햇빛
1792	행동	행동하다, 행동
1793	행복	행복하다, 행복
1794	행사	행사, 행사
1795	허리	허리, 허리
1796	헤어지다	헤어지기, 헤어지다
1797	헬스클럽	헬스클럽, 헬스클럽
1798	혀	혀, 혀
1799	현금	현금, 현금
1800	현재	현재, 현재, 과거, 미래
1801	형	누나, 언니, 오빠, 남동생, 여동생
1802	형제	형제, 형제
1803	호	호, 호
1804	호랑이	호랑이, 호랑이
1805	호수	호수, 호수
1806	호텔	호텔, 호텔
1807	혹시	혹시, 혹시
1808	혼자	혼자, 혼자
1809	홍차	녹차, 차
1810	화	화, 화
1811	화가	화가, 화가
1812	화나다	화내다, 화나다
1813	화내다	화나다, 화내다
1814	화려하다	화려하게, 화려하다
1815	화요일	월요일, 수요일, 요일
1816	화장실	화장실, 화장실
1817	화장품	화장품, 화장품
1818	환영	환영하다, 환영
1819	환자	환자, 환자
1820	환전	환전하다, 환전
1821	활발히	활발히, 활발히
1822	회	회, 회
1823	회사	회사원, 회사
1824	회사원	회사, 회사원
1825	회색	회색, 회색
1826	회원	회원, 회원
1827	회의	회의, 회의
1828	횡단보도	횡단보도, 횡단보도
1829	후	후, 후
1830	후배	선배, 후배
1831	훌륭하다	훌륭하게, 훌륭하다
1832	훨씬	훨씬, 훨씬
1833	휴가	휴가, 휴가
1834	휴게실	휴게실, 휴게실
1835	휴대폰	휴대폰, 휴대폰
1836	휴일	휴일, 휴일
1837	휴지	휴지, 휴지통
1838	휴지통	휴지, 휴지통
1839	흐르다	흐리다, 흘리다, 흔들다
1840	흐리다	흐르다, 맑다
1841	흔들다	흐르다, 흔들기
1842	흘리다	흐르다, 흘리기
1843	희망	희망하다, 희망
1844	흰색	하얀색, 검은색, 하얗다
1845	힘	힘, 힘들다
1846	힘들다	힘들게, 힘들다
