number	korean	english
1	가게	store
2	가격	price
3	가구	furniture
4	가깝다	close
5	가끔	sometimes
6	가늘다	thin
7	가다	go
8	가득	full
9	가르치다	teach
10	가리키다	point
11	가방	bag
12	가볍다	light
13	가수	singer
14	가슴	chest
15	가요	song
16	가운데	middle
17	가위	scissor
18	가을	autumn
19	가장	most, best
20	가져가다	take away
21	가져오다	bring
22	가족	family
23	가지	kind, sort
24	가지다	have
25	각각	each
26	간단하다	simple
27	간단히	simply
28	간식	snack
29	간장	soy sauce
30	간호사	nurse
31	갈비	rip, galbi
32	갈비탕	galbitang, short rip soup
33	갈색	brown
34	갈아입다	change
35	갈아타다	transfer
36	감	persimmon
37	감기	cold
38	감기약	cold medicine
39	감다	close
40	감다	wash
41	감사	thanks
42	감자	potato
43	갑자기	suddenly
44	값	value
45	강	river
46	강아지	puppy
47	강하다	strong
48	갖다	have
49	같다	same
50	같이	together
51	갚다	pay back
52	개	dog
53	개	(counting unit)
54	개월	month
55	거	thing
56	거기	there
57	거리	street, road
58	거리	distance
59	거실	living room
60	거울	mirror
61	거의	almost, nearly
62	거절	rejection
63	거짓말	lie
64	걱정	worry
65	건강	health
66	건너가다	cross over
67	건너다	cross
68	건너편	other side
69	건물	building
70	걷다	walk
71	걸다	hang
72	걸리다	be hung, catch
73	걸어가다	walk
74	걸어오다	walk
75	걸음	step
76	검사	inspection
77	검은색	black color
78	검정	black
79	것	thing
80	겉	outside
81	게으르다	lazy
82	게임	game
83	겨울	winter
84	결과	result
85	결석	absent
86	결심	determination
87	결정	decision
88	결혼	marriage
89	결혼식	wedding ceremony
90	경기	match
91	경찰	police
92	경찰서	police office
93	경치	scenery; view
94	경험	experience
95	계단	stairs
96	계란	egg
97	계산	calculation
98	계속	continue
99	계시다	be there, stay
100	계절	season
101	계획	plan
102	고개	head
103	고기	meat
104	고등학교	high school
105	고등학생	high school student
106	고르다	pick
107	고맙다	thank you
108	고모	aunt
109	고민	worry
110	고속버스	express bus
111	고양이	cat
112	고장	breakdown, failure
113	고추장	red pepper paste
114	고치다	fix
115	고프다	hungry
116	고향	hometown
117	곧	soon
118	곳	place
119	공	ball
120	공무원	public official
121	공부	study
122	공원	park
123	공장	factory
124	공짜	free
125	공책	notebook
126	공항	airport
127	공휴일	holiday
128	과거	past
129	과일	fruit
130	과자	sweets
131	관계	relationship
132	관광	tourism
133	관광객	tourist
134	관광지	tourist destination
135	관심	interest
136	광고	advertisement
137	광주	Gwangju
138	괜찮다	okay
139	괴로워하다	suffer
140	교과서	textbook
141	교사	teacher
142	교수	professor
143	교실	classroom
144	교육	education
145	교통	transportation
146	교통비	transportation fee
147	교통사고	traffic accident
148	교환	exchange
149	교회	church
150	구	nine
151	구경	sightseeing
152	구두	shoes
153	구름	cloud
154	구십	ninety
155	구월	September
156	국	soup
157	국내	domestic
158	국수	noodle
159	국적	nationality
160	국제	international
161	군인	soldier
162	굳다	harden/hard
163	굵다	thick, big
164	굽다	bake, roast, grill
165	궁금하다	curious
166	권	volume
167	귀	ear
168	귀걸이	earring
169	귀여워하다	love, adore
170	귀엽다	cute
171	귀찮다	bother, feel annoyed
172	규칙	rule
173	귤	tangerine
174	그	that
175	그거	it
176	그것	that
177	그곳	there
178	그날	that day
179	그냥	just
180	그대로	as it is
181	그동안	meantime
182	그때	at that time
183	그래	yes, ok
184	그래서	therefore
185	그러나	but
186	그러니까	so
187	그러면	then
188	그러므로	therefore
189	그런	such
190	그런데	by the way
191	그럼	then
192	그럼	yes, of course
193	그렇다	yes
194	그렇지만	but
195	그릇	bowl
196	그리고	and
197	그리다	draw
198	그림	figure
199	그립다	miss
200	그만	stop
201	그만두다	quit, leave
202	그분	him
203	그저께	day before yesterday
204	그쪽	that way, there
205	그치다	stop
206	극장	theater
207	근처	around, near
208	글	writing
209	글쎄	well
210	글쎄요	well
211	글씨	writing
212	글자	letter
213	금방	a moment ago
214	금요일	friday
215	금지	ban, prohibition
216	급하다	in a hurry
217	기간	period
218	기다리다	wait
219	기르다	cultivate, raise
220	기름	oil
221	기말시험	final exam
222	기분	mood
223	기뻐하다	be happy
224	기쁘다	happy
225	기쁨	pleasure
226	기숙사	dormitory
227	기억	memory
228	기억나다	remember
229	기온	temperature
230	기자	reporter
231	기차	train
232	기차역	train station
233	기차표	train ticket
234	기침	cough
235	기타	other
236	기회	opportunity
237	긴장	tension
238	길	street, road
239	길다	long
240	길이	length
241	김	laver, seaweed
242	김밥	kimbap
243	김치	kimchi
244	김치찌개	kimchi stew
245	깊다	deep
246	깊이	depth
247	까만색	black color
248	까맣다	black
249	깎다	cut
250	깜짝	surprise
251	깨끗이	clean
252	깨끗하다	clean
253	깨다	wake up
254	꺼내다	take out
255	껌	chewing gum
256	꼭	surely
257	꽃	flower
258	꽃다발	bouquet
259	꽃병	vase
260	꽃집	florist, flower shop
261	꾸다	dream
262	꿈	a dream
263	끄다	turn off
264	끊다	quit
265	끓다	(sth) boil
266	끓이다	boil (sth)
267	끝	end
268	끝나다	(sth) end, finish
269	끝내다	finish (sth)
270	끼다	wear
271	나	I
272	나가다	go out
273	나누다	divide, split
274	나다	happen
275	나라	country
276	나머지	remainder, the rest
277	나무	tree
278	나쁘다	bad
279	나오다	come out
280	나이	age
281	나중	later
282	나타나다	appear
283	나흘	four days
284	낚시	fishing
285	날	day
286	날다	fly
287	날씨	weather
288	날씬하다	slim
289	날아다니다	fly around
290	날짜	date
291	남	other
292	남기다	leave
293	남녀	male and female
294	남다	remain, be left
295	남대문	Namdaemun
296	남동생	brother
297	남산	Namsan
298	남성	male
299	남자	man
300	남쪽	South
301	남편	husband
302	남학생	male student
303	낫다	recover, be better
304	낫다	better
305	낮	daytime
306	낮다	low
307	낮잠	nap
308	내	my
309	내과	internal medicine
310	내년	next year
311	내다	give, set
312	내려가다	go down
313	내려오다	come down
314	내리다	get off, fall
315	내용	content
316	내일	tomorrow
317	냄비	pot
318	냄새	smell
319	냉면	cold noodle
320	냉장고	refrigerator
321	너	you
322	너무	too
323	너희	your
324	넓다	wide
325	넘다	over
326	넘어지다	fall down
327	넣다	put, place, lay
328	네	you
329	네	four
330	네	yes
331	넥타이	necktie
332	넷	four
333	넷째	fourth
334	년	year
335	노란색	yellow color
336	노랗다	yellow
337	노래	song
338	노래방	karaoke
339	노력	effort
340	노인	old man
341	노트	note
342	녹색	green
343	녹차	green tea
344	놀다	play
345	놀라다	surprised
346	놀이	play, game
347	농구	basketball
348	농담	joke
349	높다	high
350	높이	height
351	높이	high, highly
352	놓다	put, lay down
353	누구	who
354	누나	sister
355	누르다	press
356	눈	eye
357	눈	snow
358	눈물	tears
359	눕다	lie down
360	뉴스	news
361	느끼다	feel
362	느낌	feeling
363	느리다	slow
364	늘	always, all the time
365	늘다	increase
366	늙다	old
367	능력	ability
368	늦다	late
369	다	all
370	다녀오다	be back
371	다니다	to go
372	다르다	different
373	다른	different
374	다리	leg
375	다리	bridge
376	다림질	ironing
377	다섯	five
378	다섯째	fifth
379	다시	again
380	다양	various
381	다음	next
382	다음날	next day
383	다이어트	diet
384	다치다	hurt
385	다하다	fulfill
386	닦다	polish
387	단순	simple
388	단어	word
389	단추	button
390	단풍	autumn leaves
391	닫다	close
392	달	month
393	달걀	egg
394	달다	sweet
395	달력	calendar
396	달리기	running
397	달리다	run
398	닭	chicken
399	닭고기	chicken meat
400	닮다	resemble
401	담배	tobacco, cigar
402	답	answer
403	답답하다	stuffy
404	답장	reply
405	대	(unit of machines)
406	대구	Daegu
407	대답	answer
408	대부분	most
409	대사관	embassy
410	대전	Daejeon
411	대학	university
412	대학교	university
413	대학생	college student
414	대학원	graduate school
415	대화	conversation
416	대회	competition
417	댁	home
418	더	more
419	더럽다	dirty
420	더욱	more, even
421	덕분	thanks
422	던지다	throw
423	덥다	hot
424	데려가다	take
425	데려오다	bring
426	데이트	date
427	도	degree
428	도로	road
429	도서관	library
430	도시	city ​​
431	도와주다	help
432	도움	help
433	도착	arrival
434	독서	reading
435	독일	Germany
436	돈	money
437	돈가스	pork cutlet
438	돌	stone
439	돌다	spin
440	돌려주다	give back, return
441	돌리다	turn
442	돌아가다	rotate, return
443	돌아오다	come back
444	돕다	help
445	동네	town, local
446	동대문	Dong Dae Moon
447	동물	animal
448	동물원	zoo
449	동생	brother
450	동시	simultaneous
451	동안	while
452	동전	coin
453	동쪽	east
454	돼지	pig
455	돼지고기	pork
456	되다	become
457	-되다	be (passive)
458	된장	soybean paste
459	된장찌개	soybean paste stew
460	두	two
461	두껍다	thick
462	두다	put
463	두부	tofu
464	두세	two to three
465	두통	headache
466	둘	two
467	둘째	second
468	뒤	back
469	뒤쪽	(direction) back
470	드디어	finally
471	드라마	drama
472	드리다	give
473	듣다	listen
474	들다	cost
475	들다	lift
476	들르다	drop by
477	들리다	hear
478	들어가다	enter
479	들어오다	come into
480	등	(body) back
481	등산	climbing
482	디자인	design
483	따뜻하다	warm
484	따로	separately
485	딸	daughter
486	딸기	strawberry
487	땀	sweat
488	땅	land
489	때	when
490	떠나다	leave
491	떠들다	talk
492	떡	rice cake
493	떡국	Rice cake soup
494	떡볶이	Tteokbokki, rice cake
495	떨어지다	drop, fall
496	또	again
497	또는	or
498	똑같다	same
499	똑같이	same
500	똑똑하다	smart
501	똑바로	straight
502	뚱뚱하다	fat
503	뛰다	run
504	뛰어가다	run
505	뜨겁다	hot
506	뜨다	open (eye)
507	뜻	meaning
508	라디오	radio
509	라면	Ramen
510	러시아	Russia
511	레스토랑	restaurant
512	마당	yard
513	마르다	dry
514	마리	(unit of animals)
515	마시다	drink
516	마을	village
517	마음	heart
518	마중	meet
519	마지막	last
520	마치다	finish, end
521	마트	mart
522	마흔	forty
523	막걸리	Makgeolli, rice wine
524	막히다	blocked
525	만	ten thousand
526	만나다	meet
527	만두	dumpling
528	만들다	make
529	만약	what if
530	만일	just in case
531	만지다	touch
532	만화	cartoon
533	많다	many
534	많이	a lot of
535	말	talk, speak
536	말	horse
537	말	end
538	말다	stop
539	말레이시아	Malaysia
540	말씀	words
541	맑다	clear
542	맛	taste
543	맛없다	not delicious
544	맛있다	delicious
545	맞다	right
546	맞추다	guess, adjust
547	매년	every year
548	매다	tie, fasten
549	매달	medal
550	매우	very
551	매일	everyday
552	매주	weekly
553	매표소	ticket box
554	맥주	beer
555	맵다	spicy
556	머리	head
557	머리카락	hair
558	먹다	eat
559	먼저	first
560	멀다	far
561	멀리	far
562	멈추다	stop
563	멋	fashion
564	멋있다	cool
565	메뉴	menu
566	메다	carry
567	메모	memo
568	메시지	message
569	메일	mail
570	며칠	several days
571	명	person
572	명절	holiday
573	몇	some, several
574	모기	mosquito
575	모두	all
576	모든	every
577	모레	day after tomorrow
578	모르다	don't know
579	모습	appearance
580	모시다	look after
581	모양	shape
582	모으다	gather (sth)
583	모이다	be gathered
584	모임	meeting
585	모자	hat
586	모자라다	insufficient
587	목	neck
588	목걸이	necklace
589	목도리	scarf
590	목소리	voice
591	목요일	thursday
592	목욕	bath
593	목욕탕	bathhouse
594	목적	purpose
595	몸	body
596	못	can't
597	못생기다	ugly
598	못하다	can't do
599	몽골	Mongolia
600	무	radish
601	무겁다	heavy
602	무게	weight
603	무궁화	Mugunghwa
604	무료	free
605	무릎	knee
606	무섭다	scary
607	무슨	what
608	무엇	what, anything
609	무척	very
610	문	door
611	문제	problem
612	문화	culture
613	묻다	ask
614	물	water
615	물건	thing
616	물고기	fish
617	물론	of course
618	물어보다	ask
619	뭐	what
620	미국	USA
621	미끄러지다	slip
622	미래	future
623	미리	in advance
624	미술관	art gallery
625	미안	sorry
626	미역국	seaweed soup
627	미용실	beauty salon
628	미터	meter
629	믿다	trust, believe
630	밀가루	flour
631	밀다	push
632	밑	bottom
633	바깥	outside
634	바깥쪽	the outside
635	바꾸다	change (something)
636	바뀌다	be changed
637	바나나	banana
638	바다	ocean
639	바닥	floor
640	바닷가	beach
641	바라다	hope
642	바라보다	look at
643	바람	wind
644	바로	right
645	바르다	apply (location)
646	바쁘다	busy
647	바이올린	violin
648	바지	pants
649	박물관	museum
650	박수	applause, clap
651	밖	outside
652	반	half
653	반	class
654	반갑다	glad, welcome
655	반대	the opposite
656	반드시	certainly, definitely
657	반바지	shorts
658	반지	ring
659	반찬	side dish
660	받다	receive
661	받아쓰다	dictate
662	발	foot
663	발가락	toes
664	발바닥	sole
665	밝다	bright
666	밤	night
667	밥	rice, meal
668	방	room
669	방금	just
670	방문	door
671	방문	visit
672	방법	way, method
673	방송	broadcast
674	방송국	broadcast station
675	방학	vacation
676	방향	direction
677	배	belly
678	배	ship
679	배	pear
680	배	(two) times
681	배달	delivery
682	배드민턴	badminton
683	배우	actor
684	배우다	learn
685	배추	cabbage
686	배탈	stomachache
687	백	one hundred
688	백만	million
689	백화점	department store
690	뱀	snake
691	버릇	habit
692	버리다	throw away
693	버스	bus
694	번	number
695	번째	(number)-th
696	번호	number
697	벌	(unit of clothes)
698	벌다	earn
699	벌써	already
700	벗다	Take off
701	베트남	Vietnam
702	벽	wall
703	변하다	change
704	변호사	lawyer
705	별	star
706	별로	not very
707	병	sick, disease
708	병	bottle
709	병문안	visit (a sick person)
710	병원	hospital
711	보내다	send / spend
712	보다	see, watch
713	보다	more
714	보라색	purple
715	보이다	be seen
716	보이다	show
717	보통	usually, average
718	복습	review
719	복잡하다	complex
720	볶다	fry
721	볶음밥	fried rice
722	볼펜	ballpoint pen
723	봄	spring
724	봉투	envelope
725	뵙다	(honorific) meet
726	부끄럽다	embarrassed
727	부드럽다	soft
728	부럽다	envy
729	부르다	call
730	부르다	full
731	부모님	parents
732	부부	couple
733	부분	part
734	부산	Busan
735	부엌	kitchen
736	부인	wife
737	부자	the rich
738	부장	manager
739	부족	lack
740	부지런하다	diligent
741	부치다	send
742	부탁	request
743	북쪽	north
744	분	person
745	분	minute
746	분명하다	clear
747	분식	bunsik, snacks
748	분위기	atmosphere
749	분홍색	pink
750	불	fire
751	불고기	bulgogi (food)
752	불다	blow
753	불쌍하다	pitiful
754	불안	anxiety
755	불편	discomfort
756	붉다	red
757	붙다	stick, paste
758	붙이다	stick, paste
759	블라우스	blouse
760	비	rain
761	비교	comparison
762	비누	soap
763	비다	empty
764	비디오	video
765	비밀	secret
766	비빔밥	bibimbap (mixed rice)
767	비슷하다	similar
768	비싸다	expensive
769	비행기	airplane
770	빌딩	building
771	빌리다	borrow
772	빠르다	fast
773	빠지다	fall in
774	빨간색	read color
775	빨갛다	red
776	빨다	wash, clean
777	빨래	wash
778	빨리	hurry
779	빵	bread
780	빵집	bakery
781	빼다	subtract, remove
782	뽑다	pull out
783	사	four
784	사거리	intersection
785	사계절	four seasons
786	사고	accident
787	사과	apple
788	사귀다	date
789	사다	buy
790	사람	person
791	사랑	love
792	사무실	office
793	사실	fact
794	사십	fourty
795	사업	business
796	사용	usage
797	사월	April
798	사이	between
799	사이다	cider (beverage)
800	사이즈	size
801	사장	president
802	사전	dictionary
803	사진	picture
804	사탕	candy
805	사흘	three days
806	산	mountain
807	산책	walk
808	살	weight
809	살	year old
810	살다	live
811	삼	three
812	삼거리	3-way intersection
813	삼겹살	pork belly
814	삼계탕	samgyetang (food)
815	삼십	thirty
816	삼월	March
817	삼촌	uncle
818	상	award
819	상자	box
820	상처	wound
821	상추	lettuce
822	상품	product
823	새	bird
824	새	new
825	새로	newly
826	새롭다	new, fresh
827	새벽	dawn
828	새해	new year
829	색	color
830	색깔	color
831	샌드위치	sandwich
832	생각	thought
833	생각나다	think of
834	생기다	be formed
835	생선	fish
836	생신	(honorific) birthday
837	생일	birthday
838	생활	life
839	샤워	shower
840	서너	three or four
841	서다	stand
842	서두르다	hurry
843	서랍	drawer
844	서로	each other
845	서류	document
846	서른	thirty
847	서비스	service
848	서양	western
849	서울	Seoul
850	서점	bookstore
851	서쪽	west
852	섞다	mix
853	선물	gift
854	선배	senior
855	선생님	teacher
856	선선하다	cool
857	선수	player
858	선택	select
859	선풍기	fan
860	설거지	dish wash
861	설날	(Lunar) New Year
862	설렁탕	(food) seolleongtang
863	설명	explanation
864	설탕	sugar
865	섬	island
866	섭섭하다	sorry, regrettable
867	성	family name
868	성격	personality
869	성공	success
870	성적	grade
871	성함	name
872	세	three
873	세	age
874	세계	world
875	세다	strong
876	세배	New year's bow
877	세상	world
878	세수	wash up
879	세우다	stand
880	세탁	laundry
881	세탁기	washing machine
882	세탁소	laundry, washhouse
883	센터	center
884	센티미터	centimeter
885	셋	three
886	셋째	third
887	소	cow
888	소개	introduction
889	소고기	beef
890	소금	salt
891	소리	sound
892	소설	novel
893	소식	news
894	소주	soju (beverage)
895	소중하다	precious
896	소파	sofa
897	소포	parcel
898	소풍	picnic
899	소화제	digestive medicine
900	속	inside
901	속도	speed
902	속옷	underwear
903	손	hand
904	손가락	finger
905	손녀	granddaughter
906	손님	guest
907	손바닥	palm
908	손수건	handkerchief
909	송편	songpyeon (cake)
910	쇼핑	shopping
911	수	number
912	수건	towel
913	수고	hard work
914	수박	watermelon
915	수술	surgery
916	수업	lesson
917	수영	swimming
918	수영복	swimsuit
919	수영장	swimming pool
920	수요일	Wednesday
921	수저	spoon
922	수첩	notebook
923	숙제	homework
924	순두부찌개	tofu stew (food)
925	순서	order
926	숟가락	spoon
927	술	alcohol
928	술집	bar
929	숫자	number
930	쉬다	rest
931	쉬다	breathe
932	쉰	fifty
933	쉽다	easy
934	슈퍼마켓	supermarket
935	스무	twenty
936	스물	twenty
937	스스로	oneself
938	스웨터	sweater
939	스카프	scarf
940	스케이트	skate
941	스키	ski
942	스키장	ski resort
943	스타	star
944	스트레스	stress
945	스파게티	pasta
946	스포츠	sports
947	슬퍼하다	sorrow
948	슬프다	sad
949	슬픔	sadness
950	습관	habit
951	시	city
952	시	hour
953	시간	time
954	시간표	schedule
955	시계	watch
956	시골	countryside
957	시끄럽다	noisy
958	시내	downtown
959	시다	sour, acidic
960	시민	citizen
961	시어머니	mother-in-law
962	시원하다	cool
963	시월	October
964	시작	start
965	시장	market
966	시청	city hall
967	시키다	ask someone to
968	시험	exam
969	식구	family member
970	식다	cool off, get cold
971	식당	restaurant
972	식빵	bread
973	식사	meal
974	식초	vinegar
975	식탁	table
976	식품	food
977	신다	put on
978	신랑	groom
979	신문	newspaper
980	신발	shoes
981	신부	bride
982	신분증	ID card
983	신선하다	fresh
984	신청	application
985	신호	signal
986	신호등	traffic light
987	신혼여행	honeymoon
988	싣다	load
989	실례	excuse
990	실수	mistake
991	실패	failure
992	싫다	hate
993	싫어하다	dislike
994	심다	plant
995	심심하다	bored
996	심하다	severe
997	십	ten
998	십만	hundred thousand
999	십이월	December
1000	십일월	November
1001	싱겁다	bland
1002	싸다	wrap
1003	싸다	cheap
1004	싸우다	fight
1005	쌀	rice
1006	쌀쌀하다	cold
1007	쌓다	stack
1008	썰다	cut
1009	쓰다	write
1010	쓰다	wear
1011	쓰다	use
1012	쓰다	bitter
1013	쓰레기	garbage
1014	쓰레기통	trash can
1015	씨	Mr, Mrs
1016	씹다	chew
1017	씻다	wash
1018	아	Ah
1019	아가씨	Miss
1020	아기	baby
1021	아까	a while ago
1022	아나운서	announcer
1023	아내	wife
1024	아니	no
1025	아니다	not
1026	아니요	no
1027	아들	son
1028	아래	below
1029	아래쪽	down
1030	아르바이트	part-time
1031	아름답다	beautiful
1032	아마	maybe
1033	아무	no (one, where…)
1034	아무것	anything
1035	아무리	no matter how
1036	아버님	father
1037	아버지	father
1038	아빠	dad
1039	아이	child
1040	아이스크림	ice cream
1041	아저씨	mister
1042	아주	very
1043	아주머니	old lady
1044	아줌마	madam
1045	아직	yet
1046	아침	morning
1047	아파트	apartment
1048	아프다	sick
1049	아홉	nine
1050	아흔	ninety
1051	악기	musical instrument
1052	안	inside
1053	안	not
1054	안개	fog
1055	안경	glasses
1056	안내	information
1057	안내문	notice
1058	안녕	hi
1059	안녕히	bye
1060	안다	hug, hold
1061	안되다	not
1062	안전	safety
1063	안쪽	inside
1064	앉다	sit
1065	알다	know
1066	알리다	inform
1067	알맞다	fit
1068	알아보다	inquire
1069	앞	front
1070	앞쪽	front
1071	애	child, kid
1072	애인	lover
1073	앨범	album
1074	야	night
1075	야구	baseball
1076	야채	vegetable
1077	약	about
1078	약	medicine
1079	약간	slightly
1080	약국	pharmacy
1081	약사	pharmacist
1082	약속	promise
1083	약하다	weak
1084	얇다	thin
1085	양말	socks
1086	양복	suit
1087	양식	form
1088	양식집	Western food
1089	양치질	brushing teeth
1090	얘기	story
1091	어	Oh
1092	어깨	shoulder
1093	어느	which
1094	어둡다	dark
1095	어디	where
1096	어떠하다	how about
1097	어떤	which
1098	어떻다	how
1099	어렵다	difficult
1100	어른	adult
1101	어리다	young
1102	어린아이	a child
1103	어린이	child
1104	어머니	mother
1105	어머님	mother
1106	어서	quickly
1107	어울리다	socialize, hang out
1108	어제	yesterday
1109	어젯밤	yesternight
1110	억	one hundred million
1111	언니	sister
1112	언어	language
1113	언제	when
1114	언제나	always
1115	얻다	get, gain
1116	얼굴	face
1117	얼다	freeze
1118	얼마	how much
1119	얼마나	how much
1120	얼음	ice
1121	엄마	Mom
1122	없다	no
1123	엉덩이	butt
1124	에어컨	air conditioner
1125	엘리베이터	elevator
1126	여권	passport
1127	여기	here
1128	여기저기	here and there
1129	여덟	eight
1130	여동생	younger sister
1131	여든	eighty
1132	여러	various
1133	여러분	everyone
1134	여름	summer
1135	여보세요	hello
1136	여섯	six
1137	여성	female
1138	여자	woman
1139	여쭙다	(honorific) ask
1140	여학생	female student
1141	여행	travel
1142	여행사	travel agency
1143	여행지	travel destination
1144	역	station
1145	역사	history
1146	역시	too, also
1147	연결	connection
1148	연극	theater
1149	연락	contact
1150	연락처	contact
1151	연말	year-end
1152	연세	age
1153	연습	practice
1154	연예인	celebrity
1155	연필	pencil
1156	연휴	holiday
1157	열	ten
1158	열	fever
1159	열다	(sb) open (sth)
1160	열리다	(sth) open
1161	열쇠	key
1162	열심히	hard
1163	열차	train
1164	열흘	ten days
1165	엽서	postcard
1166	영	zero
1167	영국	UK
1168	영수증	receipt
1169	영어	English
1170	영하	sub-zero
1171	영화	movie
1172	영화관	cinema
1173	영화배우	movie actor
1174	옆	next
1175	옆집	next door
1176	예	example
1177	예매	book, reservation
1178	예쁘다	pretty
1179	예순	sixty
1180	예술	art
1181	예습	preparation
1182	예약	reservation
1183	옛	old
1184	옛날	long ago
1185	오	five
1186	오늘	today
1187	오다	come
1188	오래	long
1189	오래간만	long time no see
1190	오래되다	get old
1191	오랜만	long time
1192	오랫동안	for a long time
1193	오렌지	orange
1194	오르다	increase
1195	오른손	right hand
1196	오른쪽	right side
1197	오빠	brother
1198	오십	fifty
1199	오월	May
1200	오이	cucumber
1201	오전	am, morning
1202	오후	pm, afternoon
1203	온도	temperature
1204	올라가다	go up, climb
1205	올라오다	come up
1206	올리다	raise
1207	올림	Sincerely yours
1208	올림픽	Olympic
1209	올해	this year
1210	옳다	right
1211	옷	clothes
1212	옷걸이	hanger
1213	옷장	wardrobe
1214	와	wow
1215	와이셔츠	dress shirt
1216	완전히	completely
1217	왕	king
1218	왜	why
1219	왜냐하면	because
1220	외국	foreign
1221	외국어	foreign language
1222	외국인	foreigner
1223	외롭다	lonely
1224	외우다	memorize
1225	외출	outing
1226	왼손	left hand
1227	왼쪽	left
1228	요금	fee
1229	요리	cooking
1230	요리사	chef
1231	요일	day of week
1232	요즘	nowadays
1233	우동	udon (food)
1234	우리	our, we
1235	우리나라	our country
1236	우산	umbrella
1237	우선	first, above all
1238	우유	milk
1239	우체국	post office
1240	우표	stamp
1241	운동	exercise, sports
1242	운동복	sportswear
1243	운동장	playground
1244	운동화	running shoes
1245	운전	driving
1246	운전사	driver
1247	울다	cry
1248	울산	Ulsan
1249	울음	crying
1250	움직이다	move
1251	웃다	laugh
1252	웃음	laugh
1253	원	won
1254	원피스	one piece (dress)
1255	원하다	want
1256	월	month
1257	월급	salary
1258	월요일	Monday
1259	위	above
1260	위쪽	topside, upward
1261	위치	position
1262	위험	danger
1263	유리	glass
1264	유명	famous
1265	유월	June
1266	유치원	kindergarten
1267	유학	study abroad
1268	유학생	international student
1269	유행	fashion
1270	육	six
1271	육교	overpass
1272	육십	sixty
1273	윷놀이	yut play
1274	은행	bank
1275	음	Uh
1276	음료	beverage
1277	음료수	drink
1278	음식	food
1279	음식점	restaurant
1280	음악	music
1281	음악가	musician
1282	응	yes
1283	의미	meaning
1284	의사	doctor
1285	의자	chair
1286	이	tooth
1287	이	this
1288	이	two
1289	이거	this
1290	이것	this
1291	이곳	this place
1292	이기다	win
1293	이날	on this day
1294	이다	to be
1295	이따가	later
1296	이때	at this time
1297	이런	this
1298	이렇다	like this
1299	이르다	early
1300	이름	name
1301	이마	forehead
1302	이모	aunt
1303	이미	already
1304	이번	this time
1305	이분	this person
1306	이불	quilt
1307	이사	move (house)
1308	이삿짐	moving
1309	이상	above
1310	이상	strange, unusual
1311	이십	twenty
1312	이야기	story
1313	이용	use
1314	이웃	neighborhood
1315	이월	February
1316	이유	reason
1317	이전	previous
1318	이제	now
1319	이쪽	this
1320	이틀	two days
1321	이해	understanding
1322	이후	after
1323	익다	ripe
1324	익숙하다	be used to
1325	인기	popularity
1326	인도네시아	Indonesia
1327	인분	servings
1328	인사	greetings
1329	인삼	ginseng
1330	인정받다	be recognized
1331	인천	Incheon
1332	인터넷	internet
1333	인형	doll
1334	일	work
1335	일	one
1336	일	day
1337	일곱	seven
1338	일기	diary
1339	일본	Japan
1340	일부	part
1341	일식	Japanese food
1342	일식집	Japanese restaurant
1343	일어나다	wake up
1344	일어서다	stand up
1345	일요일	Sunday
1346	일월	January
1347	일주일	one week
1348	일찍	early
1349	일흔	seventy
1350	읽다	Ready
1351	잃다	lose
1352	잃어버리다	lose (regretfully)
1353	입	mouth
1354	입구	entrance
1355	입다	wear
1356	입술	lips
1357	입원	hospitalization
1358	입장권	admission ticket
1359	입학	admission
1360	입학시험	entrance exam
1361	있다	be at, have
1362	잊다	forget
1363	잊어버리다	forget (regretfully)
1364	잎	leaf
1365	자기소개	self-introduction
1366	자꾸	repeatedly
1367	자다	sleep
1368	자동차	car
1369	자동판매기	vending machine
1370	자라다	grow up
1371	자랑	proud
1372	자르다	cut
1373	자리	seat
1374	자세히	details
1375	자식	child
1376	자신	self
1377	자연	nature
1378	자유	freedom
1379	자장면	jajangmyeon (food)
1380	자전거	bicycle
1381	자주	often
1382	자판기	vending machine
1383	작년	last year
1384	작다	small
1385	잔	cup, glass
1386	잔치	feast, party
1387	잘	well
1388	잘되다	go well
1389	잘못	wrong
1390	잘못되다	be wrong
1391	잘못하다	do wrong
1392	잘생기다	handsome
1393	잘하다	do well
1394	잠	sleep
1395	잠깐	for a moment
1396	잠시	for a while
1397	잠자다	sleep
1398	잡다	catch
1399	잡수시다	(honorific) eat
1400	잡지	magazine
1401	잡채	Japchae (food)
1402	장	a sheet
1403	장갑	gloves
1404	장난감	toy
1405	장마	rainy season
1406	장미	rose
1407	장소	place
1408	재료	material
1409	재미	fun
1410	재미없다	not interesting
1411	재미있다	interesting
1412	재채기	sneeze
1413	저	I
1414	저	that
1415	저	well
1416	저거	that
1417	저것	that
1418	저곳	over there
1419	저금	saving
1420	저기	there
1421	저녁	dinner
1422	저런	that
1423	저렇다	like that
1424	저번	last
1425	저분	that person
1426	저쪽	there
1427	저희	us
1428	적다	write
1429	적다	less
1430	적당하다	suitable
1431	전	all
1432	전	before
1433	전공	major
1434	전기	electricity
1435	전부	all
1436	전철	train
1437	전체	all
1438	전하다	deliver, hand down
1439	전혀	at all
1440	전화	phone
1441	전화기	cellphone
1442	전화번호	phone number
1443	젊다	young
1444	점수	score
1445	점심	lunch
1446	점심때	at lunch
1447	점심시간	lunch time
1448	점점	gradually
1449	접다	fold
1450	접시	dish
1451	젓가락	chopsticks
1452	정거장	station, stop
1453	정도	degree
1454	정류장	station, stop
1455	정리	arrangement
1456	정말	really
1457	정문	front door
1458	정신없이	hectically, frantically
1459	정원	garden
1460	정하다	decide
1461	정형외과	orthopedics
1462	정확	exactness
1463	젖다	wet
1464	제	my
1465	제목	title
1466	제일	best
1467	제주도	Jeju Island
1468	조금	little
1469	조금씩	gradually
1470	조심	be careful
1471	조용하다	quiet
1472	조용히	quietly
1473	조카	nephew
1474	졸다	sleep
1475	졸업	graduate
1476	좀	little
1477	좁다	narrow
1478	종류	type
1479	종업원	employee, worker
1480	종이	paper
1481	좋다	good
1482	좋아하다	like
1483	죄송하다	sorry
1484	주	week
1485	주다	give
1486	주로	mainly
1487	주말	weekend
1488	주머니	pocket
1489	주무시다	(honorific) sleep
1490	주문	order
1491	주변	around, surrounding
1492	주부	housewife
1493	주사	injection
1494	주소	address
1495	주스	juice
1496	주위	around
1497	주인	master
1498	주일	week
1499	주차	parking
1500	주차장	parking lot
1501	주황색	orange color
1502	죽다	die
1503	준비	ready
1504	줄	a rope
1505	줄다	shrink
1506	줄이다	reduce
1507	줍다	pick up, gather
1508	중	in the middle of
1509	중간	middle
1510	중국	China
1511	중국집	Chinese restaurant
1512	중심	center
1513	중앙	central
1514	중요	importance
1515	중학교	middle school
1516	중학생	middle schooler
1517	즐거워하다	have fun
1518	즐겁다	fun
1519	즐기다	enjoy
1520	지각	late
1521	지갑	wallet
1522	지금	now
1523	지나가다	pass by
1524	지나다	pass
1525	지난달	last month
1526	지난번	last time
1527	지난주	last week
1528	지난해	last year
1529	지내다	stay
1530	지다	lose
1531	지도	map
1532	지루하다	bored
1533	지르다	yell
1534	지방	region
1535	지우개	eraser
1536	지우다	delete
1537	지키다	protect
1538	지하	basement
1539	지하도	underpass
1540	지하철	subway
1541	지하철역	subway station
1542	직업	job
1543	직원	staff
1544	직장	workplace
1545	직접	directly
1546	진짜	really
1547	진하다	thick, dense
1548	질문	question
1549	짐	luggage, cargo
1550	집	house
1551	집들이	housewarming
1552	집안일	housework
1553	짓다	build
1554	짜다	salty
1555	짜증	annoyance
1556	짝	one of a pair
1557	짧다	short
1558	짬뽕	Champong (food)
1559	쪽	
1560	찌개	stew
1561	찌다	gain
1562	찌다	steam
1563	찍다	set, stamp
1564	차	car
1565	차	tea
1566	차갑다	cold
1567	차다	be full, be filled
1568	차다	kick
1569	차다	wear (watch)
1570	차다	cold
1571	차례	order, turn
1572	착하다	kind
1573	찬물	cold water
1574	참	very
1575	참다	suppress
1576	참외	melon
1577	창문	window
1578	찾다	find
1579	찾아가다	to go to
1580	찾아보다	to look for
1581	찾아오다	come to
1582	채소	vegetable
1583	책	book
1584	책상	desk
1585	책장	bookshelf
1586	처음	first
1587	천	thousand
1588	천만	ten million
1589	천천히	slowly
1590	첫	first
1591	첫날	first day
1592	첫째	first
1593	청년	youth
1594	청바지	blue jeans
1595	청소	cleaning
1596	청소년	teenager
1597	체육관	gym
1598	체크무늬	checkered (clothes)
1599	쳐다보다	look at
1600	초	beginning
1601	초	second
1602	초대	invitation
1603	초대장	invitation card
1604	초등학교	elementary school
1605	초등학생	elementary student
1606	초록색	green
1607	초콜릿	chocolate
1608	최고	best, highest
1609	최근	recent
1610	추다	dance
1611	추석	Chuseok
1612	축구	soccer
1613	축구공	soccer ball
1614	축하	congrats
1615	출구	exit
1616	출근	go work
1617	출발	depart
1618	출석	attendance
1619	출입	access
1620	출입국	immigration
1621	출장	business trip
1622	출퇴근	commute
1623	춤	dance
1624	춤추다	to dance
1625	춥다	cold
1626	충분하다	enough
1627	취미	hobby
1628	취소	cancel
1629	취직	employment
1630	층	floor
1631	치과	dentist
1632	치다	hit
1633	치료	treatment
1634	치마	skirt
1635	치약	toothpaste
1636	치킨	chicken
1637	친구	friend
1638	친절	kindness
1639	친척	relative
1640	친하다	close
1641	칠	seven
1642	칠십	seventy
1643	칠월	July
1644	칠판	blackboard
1645	침대	bed
1646	침실	bedroom
1647	칫솔	toothbrush
1648	칭찬	compliment
1649	카드	card
1650	카레	curry (food)
1651	카메라	camera
1652	카페	cafe
1653	칼	knife
1654	칼국수	kalguksu
1655	캐나다	Canada
1656	커피	coffee
1657	커피숍	coffee shop
1658	컴퓨터	computer
1659	컵	cup
1660	케이크	cake
1661	켜다	turn on
1662	켜다	play a stringed instrument
1663	켤레	pair
1664	코	nose
1665	코끼리	elephant
1666	콘서트	concert
1667	콜라	Cola
1668	콧물	snot, nose run
1669	콩	bean
1670	크기	size
1671	크다	big
1672	크리스마스	Christmas
1673	큰소리	loud
1674	키	height
1675	키우다	raise
1676	킬로그램	kilogram
1677	킬로미터	kilometer
1678	타다	burn
1679	타다	take, ride
1680	타다	make
1681	탁구	ping-pong
1682	탕수육	tangsuyuk (food)
1683	태국	Thailand
1684	태권도	Taekwondo
1685	태극기	Korean flag, taegeukgi
1686	태도	attitude
1687	태어나다	born
1688	태풍	typhoon
1689	택배	parcel, delivery
1690	택시	taxi
1691	터미널	terminal
1692	테니스	tennis
1693	테니스장	tennis court
1694	테이블	table
1695	텔레비전	television
1696	토끼	rabbit
1697	토마토	tomato
1698	토요일	Saturday
1699	통장	bankbook
1700	통화	call
1701	퇴근	leave work
1702	퇴원	discharge, leave hospital
1703	튀기다	fry
1704	튀김	fried
1705	트럭	truck
1706	특별하다	special
1707	특별히	especially
1708	특히	especially
1709	튼튼하다	strong
1710	틀다	turn on
1711	틀리다	wrong
1712	티셔츠	t-shirt
1713	팀	team
1714	파란색	blue color
1715	파랗다	blue
1716	파티	party
1717	팔	arm
1718	팔	eight
1719	팔다	sell
1720	팔리다	sell, be sold
1721	팔십	eighty
1722	팔월	August
1723	펴다	unfold
1724	편리	convenience
1725	편안	peace, comfort
1726	편의점	convenience store
1727	편지	letter
1728	편찮다	unwell, sick
1729	편하다	relaxing
1730	평소	usually
1731	평일	weekday
1732	포도	grape
1733	포장	wrapping
1734	표	ticket
1735	푸르다	green
1736	푹	good, well
1737	풀다	solve
1738	풍경	landscape
1739	프라이팬	frying pan
1740	프랑스	France
1741	프로그램	program
1742	피	blood
1743	피곤	tired
1744	피다	bloom
1745	피아노	piano
1746	피우다	bloom
1747	피자	pizza
1748	필요	need
1749	필통	pencil case
1750	하나	one
1751	하늘	sky
1752	하늘색	sky blue
1753	하다	do
1754	-하다	be-
1755	하루	day
1756	하숙비	lodging fee
1757	하숙집	boarding house
1758	하얀색	white color
1759	하얗다	white
1760	하지만	however
1761	학교	school
1762	학기	semester
1763	학년	grade
1764	학생	student
1765	학생증	student ID
1766	학원	academy
1767	한	one
1768	한가하다	free, spare
1769	한강	Han river
1770	한국	Korea
1771	한글	Hangul
1772	한두	one or two
1773	한번	once
1774	한복	Hanbok
1775	한식	Korean food
1776	한식집	Korean restaurant
1777	한옥	Hanok house
1778	한잔	a drink
1779	한턱	a treat
1780	할머니	grandmother
1781	할아버지	grandfather
1782	할인	discount
1783	함께	together
1784	항공	airline
1785	항공권	airline ticket
1786	항상	always
1787	해	sun
1788	해마다	every year
1789	해외	overseas
1790	해외여행	overseas travel
1791	햄버거	hamburger
1792	햇빛	sunshine
1793	행동	action
1794	행복	happiness
1795	행사	event
1796	허리	waist
1797	헤어지다	broke up
1798	헬스클럽	health club
1799	혀	tongue
1800	현금	cash
1801	현재	currently
1802	형	brother
1803	형제	brother, sibling
1804	호	No. (number, issue)
1805	호랑이	tiger
1806	호수	lake
1807	호텔	hotel
1808	혹시	maybe
1809	혼자	alone
1810	홍차	black tea
1811	화	angry
1812	화가	painter
1813	화나다	angry
1814	화내다	get angry
1815	화려하다	gorgeous
1816	화요일	Tuesday
1817	화장실	restroom
1818	화장품	cosmetics
1819	환영	welcome
1820	환자	patient
1821	환전	currency exchange
1822	활발히	actively
1823	회	episode, edition
1824	회사	company
1825	회사원	office worker
1826	회색	gray
1827	회원	member
1828	회의	meeting
1829	횡단보도	crosswalk
1830	후	after
1831	후배	junior
1832	훌륭하다	excellent
1833	훨씬	more
1834	휴가	vacation
1835	휴게실	rest area
1836	휴대폰	cellphone
1837	휴일	dayoff
1838	휴지	tissue
1839	휴지통	trash can
1840	흐르다	flow
1841	흐리다	cloudy, murky
1842	흔들다	shake
1843	흘리다	cry, shed
1844	희망	hope
1845	흰색	white color
1846	힘	power
1847	힘들다	hard, tough
		
		